-- --------------------------------------------------------
-- Host:                         206.189.207.174
-- Server version:               10.4.13-MariaDB-1:10.4.13+maria~bionic - mariadb.org binary distribution
-- Server OS:                    debian-linux-gnu
-- HeidiSQL Version:             11.0.0.5919
-- --------------------------------------------------------

/*!40101 SET @OLD_CHARACTER_SET_CLIENT=@@CHARACTER_SET_CLIENT */;
/*!40101 SET NAMES utf8 */;
/*!50503 SET NAMES utf8mb4 */;
/*!40014 SET @OLD_FOREIGN_KEY_CHECKS=@@FOREIGN_KEY_CHECKS, FOREIGN_KEY_CHECKS=0 */;
/*!40101 SET @OLD_SQL_MODE=@@SQL_MODE, SQL_MODE='NO_AUTO_VALUE_ON_ZERO' */;


-- Dumping database structure for ig
DROP DATABASE IF EXISTS `ig`;
CREATE DATABASE IF NOT EXISTS `ig` /*!40100 DEFAULT CHARACTER SET latin1 */;
USE `ig`;

-- Dumping structure for table ig.action
DROP TABLE IF EXISTS `action`;
CREATE TABLE IF NOT EXISTS `action` (
  `action_id` int(10) unsigned NOT NULL,
  `action_name` varchar(100) NOT NULL DEFAULT '',
  `action_value` varchar(100) NOT NULL DEFAULT '',
  `action_message` varchar(200) DEFAULT NULL,
  `action_datatype` varchar(50) DEFAULT NULL,
  `action_datetime` timestamp NOT NULL DEFAULT current_timestamp() ON UPDATE current_timestamp(),
  PRIMARY KEY (`action_id`,`action_name`) USING BTREE
) ENGINE=InnoDB DEFAULT CHARSET=latin1;

-- Dumping data for table ig.action: ~5 rows (approximately)
DELETE FROM `action`;
/*!40000 ALTER TABLE `action` DISABLE KEYS */;
INSERT INTO `action` (`action_id`, `action_name`, `action_value`, `action_message`, `action_datatype`, `action_datetime`) VALUES
	(1, 'batch_status', 'C', NULL, 'char', '2020-06-25 18:10:04'),
	(2, 'update_price', 'Y', NULL, 'char', '2020-06-25 18:02:43'),
	(3, 'update_analysis', 'Y', '', '', '2020-06-25 18:02:45'),
	(5, 'truncate_old_data', 'Y', '10', NULL, '2020-06-25 17:38:51'),
	(99, 'error_message', 'N', NULL, 'char', '2020-06-25 10:54:09');
/*!40000 ALTER TABLE `action` ENABLE KEYS */;

-- Dumping structure for table ig.error_log
DROP TABLE IF EXISTS `error_log`;
CREATE TABLE IF NOT EXISTS `error_log` (
  `error_log_id` int(10) unsigned NOT NULL AUTO_INCREMENT,
  `error_log_datetime` timestamp NOT NULL DEFAULT current_timestamp(),
  `error_log_message` varchar(200) DEFAULT NULL,
  PRIMARY KEY (`error_log_id`)
) ENGINE=InnoDB AUTO_INCREMENT=10 DEFAULT CHARSET=latin1;

-- Dumping data for table ig.error_log: ~9 rows (approximately)
DELETE FROM `error_log`;
/*!40000 ALTER TABLE `error_log` DISABLE KEYS */;
INSERT INTO `error_log` (`error_log_id`, `error_log_datetime`, `error_log_message`) VALUES
	(1, '2020-05-30 05:56:17', 'unknown error'),
	(2, '2020-05-30 05:56:51', '1'),
	(3, '2020-05-30 05:58:55', '%s'),
	(4, '2020-05-30 06:05:31', 'Unknown error'),
	(5, '2020-05-30 06:11:21', 'Unknown error: system_parameters.process_status'),
	(6, '2020-05-30 06:11:36', 'Unknown error: system_parameters.process_status = A'),
	(7, '2020-05-30 06:13:09', 'Unknown error: system_parameters.process_status = A'),
	(8, '2020-05-30 06:19:44', 'Unknown error: system_parameters.process_status = A'),
	(9, '2020-05-30 06:20:24', 'Unknown error: system_parameters.process_status = A');
/*!40000 ALTER TABLE `error_log` ENABLE KEYS */;

-- Dumping structure for table ig.price
DROP TABLE IF EXISTS `price`;
CREATE TABLE IF NOT EXISTS `price` (
  `price_id` bigint(20) unsigned NOT NULL AUTO_INCREMENT,
  `epic` varchar(50) DEFAULT NULL,
  `resolution` enum('SECOND','MINUTE','MINUTE_2','MINUTE_3','MINUTE_5','MINUTE_10','MINUTE_15','MINUTE_30','HOUR','HOUR_2','HOUR_3','HOUR_4','DAY','WEEK','MONTH') DEFAULT NULL,
  `snapshotTime` datetime DEFAULT NULL,
  `snapshotTimeUTC` timestamp NULL DEFAULT NULL,
  `openPrice_bid` decimal(18,8) unsigned DEFAULT NULL,
  `openPrice_ask` decimal(18,8) unsigned DEFAULT NULL,
  `openPrice_mid` decimal(18,8) unsigned DEFAULT NULL,
  `closePrice_bid` decimal(18,8) unsigned DEFAULT NULL,
  `closePrice_ask` decimal(18,8) unsigned DEFAULT NULL,
  `closePrice_mid` decimal(18,8) unsigned DEFAULT NULL,
  `highPrice_bid` decimal(18,8) unsigned DEFAULT NULL,
  `highPrice_ask` decimal(18,8) unsigned DEFAULT NULL,
  `highPrice_mid` decimal(18,8) unsigned DEFAULT NULL,
  `lowPrice_bid` decimal(18,8) unsigned DEFAULT NULL,
  `lowPrice_ask` decimal(18,8) unsigned DEFAULT NULL,
  `lowPrice_mid` decimal(18,8) unsigned DEFAULT NULL,
  `lastTradedVolume` bigint(20) unsigned DEFAULT NULL,
  `lastModifiedTime` timestamp NULL DEFAULT current_timestamp() ON UPDATE current_timestamp(),
  PRIMARY KEY (`price_id`)
) ENGINE=InnoDB AUTO_INCREMENT=289 DEFAULT CHARSET=utf8mb4;

-- Dumping data for table ig.price: ~269 rows (approximately)
DELETE FROM `price`;
/*!40000 ALTER TABLE `price` DISABLE KEYS */;
INSERT INTO `price` (`price_id`, `epic`, `resolution`, `snapshotTime`, `snapshotTimeUTC`, `openPrice_bid`, `openPrice_ask`, `openPrice_mid`, `closePrice_bid`, `closePrice_ask`, `closePrice_mid`, `highPrice_bid`, `highPrice_ask`, `highPrice_mid`, `lowPrice_bid`, `lowPrice_ask`, `lowPrice_mid`, `lastTradedVolume`, `lastModifiedTime`) VALUES
	(7, 'CS.D.USDJPY.MINI.IP', 'MINUTE_5', '2020-06-24 12:50:00', '2020-06-24 02:50:00', 106.51200000, 106.51900000, 106.51550000, 106.54100000, 106.55100000, 106.54600000, 106.54800000, 106.55600000, 106.55200000, 106.50500000, 106.51200000, 106.50850000, 398, '2020-06-24 14:41:33'),
	(8, 'CS.D.USDJPY.MINI.IP', 'MINUTE_5', '2020-06-24 12:55:00', '2020-06-24 02:55:00', 106.54200000, 106.54900000, 106.54550000, 106.52800000, 106.53500000, 106.53150000, 106.54200000, 106.54900000, 106.54550000, 106.52200000, 106.53000000, 106.52600000, 300, '2020-06-24 14:41:33'),
	(9, 'CS.D.USDJPY.MINI.IP', 'HOUR', '2020-06-24 11:00:00', '2020-06-24 01:00:00', 106.54300000, 106.55000000, 106.54650000, 106.48900000, 106.49600000, 106.49250000, 106.58700000, 106.59700000, 106.59200000, 106.44000000, 106.45000000, 106.44500000, 5423, '2020-06-24 16:24:57'),
	(10, 'CS.D.USDJPY.MINI.IP', 'HOUR', '2020-06-24 12:00:00', '2020-06-24 02:00:00', 106.48700000, 106.49400000, 106.49050000, 106.52800000, 106.53500000, 106.53150000, 106.54800000, 106.55600000, 106.55200000, 106.42000000, 106.42700000, 106.42350000, 5215, '2020-06-24 16:24:57'),
	(11, 'CS.D.USDJPY.MINI.IP', 'MINUTE_5', '2020-06-24 02:55:00', '2020-06-23 16:55:00', 106.44500000, 106.45500000, 106.45000000, 106.46000000, 106.47000000, 106.46500000, 106.47200000, 106.48200000, 106.47700000, 106.42400000, 106.43100000, 106.42750000, 431, '2020-06-24 18:08:50'),
	(12, 'CS.D.USDJPY.MINI.IP', 'MINUTE_5', '2020-06-24 03:00:00', '2020-06-23 17:00:00', 106.46100000, 106.47100000, 106.46600000, 106.45000000, 106.45700000, 106.45350000, 106.46700000, 106.47700000, 106.47200000, 106.44700000, 106.45600000, 106.45150000, 341, '2020-06-24 18:08:50'),
	(13, 'CS.D.USDJPY.MINI.IP', 'MINUTE_5', '2020-06-24 03:05:00', '2020-06-23 17:05:00', 106.44900000, 106.45900000, 106.45400000, 106.48200000, 106.49200000, 106.48700000, 106.49300000, 106.50200000, 106.49750000, 106.44400000, 106.45300000, 106.44850000, 285, '2020-06-24 18:08:50'),
	(14, 'CS.D.USDJPY.MINI.IP', 'MINUTE_5', '2020-06-24 03:10:00', '2020-06-23 17:10:00', 106.48300000, 106.49000000, 106.48650000, 106.47200000, 106.48200000, 106.47700000, 106.48500000, 106.49300000, 106.48900000, 106.47000000, 106.47900000, 106.47450000, 313, '2020-06-24 18:08:50'),
	(15, 'CS.D.USDJPY.MINI.IP', 'MINUTE_5', '2020-06-24 03:15:00', '2020-06-23 17:15:00', 106.47100000, 106.48100000, 106.47600000, 106.47400000, 106.48400000, 106.47900000, 106.48400000, 106.49300000, 106.48850000, 106.46900000, 106.47800000, 106.47350000, 395, '2020-06-24 18:08:51'),
	(16, 'CS.D.USDJPY.MINI.IP', 'MINUTE_5', '2020-06-24 03:20:00', '2020-06-23 17:20:00', 106.47500000, 106.48500000, 106.48000000, 106.46600000, 106.47600000, 106.47100000, 106.47800000, 106.48700000, 106.48250000, 106.45500000, 106.46500000, 106.46000000, 372, '2020-06-24 18:08:51'),
	(17, 'CS.D.USDJPY.MINI.IP', 'MINUTE_5', '2020-06-24 03:25:00', '2020-06-23 17:25:00', 106.46500000, 106.47500000, 106.47000000, 106.44800000, 106.45800000, 106.45300000, 106.46900000, 106.47800000, 106.47350000, 106.43500000, 106.44300000, 106.43900000, 336, '2020-06-24 18:08:51'),
	(18, 'CS.D.USDJPY.MINI.IP', 'MINUTE_5', '2020-06-24 03:30:00', '2020-06-23 17:30:00', 106.44700000, 106.45700000, 106.45200000, 106.43800000, 106.44800000, 106.44300000, 106.46000000, 106.47000000, 106.46500000, 106.43600000, 106.44600000, 106.44100000, 292, '2020-06-24 18:08:52'),
	(19, 'CS.D.USDJPY.MINI.IP', 'MINUTE_5', '2020-06-24 03:35:00', '2020-06-23 17:35:00', 106.43900000, 106.44900000, 106.44400000, 106.44800000, 106.45800000, 106.45300000, 106.44900000, 106.45900000, 106.45400000, 106.43500000, 106.44500000, 106.44000000, 216, '2020-06-24 18:08:52'),
	(20, 'CS.D.USDJPY.MINI.IP', 'MINUTE_5', '2020-06-24 03:40:00', '2020-06-23 17:40:00', 106.44900000, 106.45900000, 106.45400000, 106.45000000, 106.46000000, 106.45500000, 106.47800000, 106.48500000, 106.48150000, 106.44600000, 106.45400000, 106.45000000, 330, '2020-06-24 18:08:52'),
	(21, 'CS.D.USDJPY.MINI.IP', 'MINUTE_5', '2020-06-24 03:45:00', '2020-06-23 17:45:00', 106.45100000, 106.46100000, 106.45600000, 106.42800000, 106.43800000, 106.43300000, 106.45200000, 106.46200000, 106.45700000, 106.42200000, 106.43200000, 106.42700000, 252, '2020-06-24 18:08:52'),
	(22, 'CS.D.USDJPY.MINI.IP', 'MINUTE_5', '2020-06-24 03:50:00', '2020-06-23 17:50:00', 106.42700000, 106.43700000, 106.43200000, 106.44800000, 106.45800000, 106.45300000, 106.46300000, 106.47200000, 106.46750000, 106.42000000, 106.42800000, 106.42400000, 321, '2020-06-24 18:08:53'),
	(23, 'CS.D.USDJPY.MINI.IP', 'MINUTE_5', '2020-06-24 03:55:00', '2020-06-23 17:55:00', 106.44900000, 106.45900000, 106.45400000, 106.46000000, 106.47000000, 106.46500000, 106.47100000, 106.48100000, 106.47600000, 106.44300000, 106.45300000, 106.44800000, 282, '2020-06-24 18:08:53'),
	(24, 'CS.D.USDJPY.MINI.IP', 'MINUTE_5', '2020-06-24 04:00:00', '2020-06-23 18:00:00', 106.46100000, 106.47100000, 106.46600000, 106.47400000, 106.48400000, 106.47900000, 106.47600000, 106.48600000, 106.48100000, 106.45700000, 106.46500000, 106.46100000, 261, '2020-06-24 18:08:53'),
	(25, 'CS.D.USDJPY.MINI.IP', 'MINUTE_5', '2020-06-24 04:05:00', '2020-06-23 18:05:00', 106.47300000, 106.48300000, 106.47800000, 106.49000000, 106.50000000, 106.49500000, 106.49000000, 106.50000000, 106.49500000, 106.46300000, 106.47300000, 106.46800000, 238, '2020-06-24 18:08:53'),
	(26, 'CS.D.USDJPY.MINI.IP', 'MINUTE_5', '2020-06-24 04:10:00', '2020-06-23 18:10:00', 106.48900000, 106.49900000, 106.49400000, 106.50800000, 106.51800000, 106.51300000, 106.51000000, 106.51900000, 106.51450000, 106.47200000, 106.48200000, 106.47700000, 276, '2020-06-24 18:08:54'),
	(27, 'CS.D.USDJPY.MINI.IP', 'MINUTE_5', '2020-06-24 04:15:00', '2020-06-23 18:15:00', 106.50700000, 106.51700000, 106.51200000, 106.53800000, 106.54800000, 106.54300000, 106.54300000, 106.55300000, 106.54800000, 106.50600000, 106.51300000, 106.50950000, 437, '2020-06-24 18:08:54'),
	(28, 'CS.D.USDJPY.MINI.IP', 'MINUTE_5', '2020-06-24 04:20:00', '2020-06-23 18:20:00', 106.53900000, 106.54900000, 106.54400000, 106.50800000, 106.51800000, 106.51300000, 106.53900000, 106.54900000, 106.54400000, 106.50800000, 106.51800000, 106.51300000, 215, '2020-06-24 18:08:54'),
	(29, 'CS.D.USDJPY.MINI.IP', 'MINUTE_5', '2020-06-24 04:25:00', '2020-06-23 18:25:00', 106.50700000, 106.51700000, 106.51200000, 106.51800000, 106.52800000, 106.52300000, 106.52000000, 106.53000000, 106.52500000, 106.50500000, 106.51400000, 106.50950000, 176, '2020-06-24 18:08:54'),
	(30, 'CS.D.USDJPY.MINI.IP', 'MINUTE_5', '2020-06-24 04:30:00', '2020-06-23 18:30:00', 106.51700000, 106.52700000, 106.52200000, 106.50600000, 106.51600000, 106.51100000, 106.52000000, 106.52900000, 106.52450000, 106.50500000, 106.51400000, 106.50950000, 192, '2020-06-24 18:08:55'),
	(31, 'CS.D.USDJPY.MINI.IP', 'HOUR', '2020-06-24 02:00:00', '2020-06-23 16:00:00', 106.44100000, 106.45100000, 106.44600000, 106.46000000, 106.47000000, 106.46500000, 106.49700000, 106.50400000, 106.50050000, 106.39900000, 106.40900000, 106.40400000, 4129, '2020-06-24 18:08:57'),
	(32, 'CS.D.USDJPY.MINI.IP', 'HOUR', '2020-06-24 03:00:00', '2020-06-23 17:00:00', 106.46100000, 106.47100000, 106.46600000, 106.46000000, 106.47000000, 106.46500000, 106.49300000, 106.50200000, 106.49750000, 106.42000000, 106.42800000, 106.42400000, 3735, '2020-06-24 18:08:57'),
	(33, 'CS.D.USDJPY.MINI.IP', 'HOUR', '2020-06-24 04:00:00', '2020-06-23 18:00:00', 106.46100000, 106.47100000, 106.46600000, 106.46700000, 106.47700000, 106.47200000, 106.54300000, 106.55300000, 106.54800000, 106.45700000, 106.46500000, 106.46100000, 3221, '2020-06-24 18:08:58'),
	(34, 'CS.D.USDJPY.MINI.IP', 'HOUR', '2020-06-24 05:00:00', '2020-06-23 19:00:00', 106.46800000, 106.47800000, 106.47300000, 106.53100000, 106.54100000, 106.53600000, 106.53300000, 106.54300000, 106.53800000, 106.46600000, 106.47600000, 106.47100000, 4290, '2020-06-24 18:08:58'),
	(35, 'CS.D.USDJPY.MINI.IP', 'HOUR', '2020-06-24 06:00:00', '2020-06-23 20:00:00', 106.53000000, 106.54000000, 106.53500000, 106.51300000, 106.53400000, 106.52350000, 106.54600000, 106.55600000, 106.55100000, 106.49200000, 106.50200000, 106.49700000, 2565, '2020-06-24 18:08:58'),
	(36, 'CS.D.USDJPY.MINI.IP', 'HOUR', '2020-06-24 07:00:00', '2020-06-23 21:00:00', 106.51900000, 106.52900000, 106.52400000, 106.46700000, 106.50500000, 106.48600000, 106.51900000, 106.55600000, 106.53750000, 106.42700000, 106.48700000, 106.45700000, 9355, '2020-06-24 18:08:58'),
	(37, 'CS.D.USDJPY.MINI.IP', 'MINUTE_5', '2020-06-24 13:00:00', '2020-06-24 03:00:00', 106.52900000, 106.53600000, 106.53250000, 106.53800000, 106.54500000, 106.54150000, 106.54300000, 106.55100000, 106.54700000, 106.52800000, 106.53600000, 106.53200000, 301, '2020-06-24 18:50:45'),
	(38, 'CS.D.USDJPY.MINI.IP', 'MINUTE_5', '2020-06-24 13:05:00', '2020-06-24 03:05:00', 106.53900000, 106.54600000, 106.54250000, 106.55100000, 106.56100000, 106.55600000, 106.56100000, 106.56800000, 106.56450000, 106.53600000, 106.54300000, 106.53950000, 330, '2020-06-24 18:50:45'),
	(39, 'CS.D.USDJPY.MINI.IP', 'MINUTE_5', '2020-06-24 13:10:00', '2020-06-24 03:10:00', 106.55200000, 106.56200000, 106.55700000, 106.55900000, 106.56900000, 106.56400000, 106.57500000, 106.58200000, 106.57850000, 106.54100000, 106.55100000, 106.54600000, 364, '2020-06-24 18:50:46'),
	(40, 'CS.D.USDJPY.MINI.IP', 'MINUTE_5', '2020-06-24 13:15:00', '2020-06-24 03:15:00', 106.56000000, 106.57000000, 106.56500000, 106.56100000, 106.57100000, 106.56600000, 106.57600000, 106.58400000, 106.58000000, 106.55600000, 106.56600000, 106.56100000, 277, '2020-06-24 18:50:46'),
	(41, 'CS.D.USDJPY.MINI.IP', 'MINUTE_5', '2020-06-24 13:20:00', '2020-06-24 03:20:00', 106.56200000, 106.57200000, 106.56700000, 106.55200000, 106.55900000, 106.55550000, 106.56900000, 106.57900000, 106.57400000, 106.55200000, 106.55900000, 106.55550000, 240, '2020-06-24 18:50:46'),
	(42, 'CS.D.USDJPY.MINI.IP', 'MINUTE_5', '2020-06-24 13:25:00', '2020-06-24 03:25:00', 106.55300000, 106.56000000, 106.55650000, 106.53900000, 106.54900000, 106.54400000, 106.55900000, 106.56800000, 106.56350000, 106.53100000, 106.54100000, 106.53600000, 343, '2020-06-24 18:50:47'),
	(43, 'CS.D.USDJPY.MINI.IP', 'MINUTE_5', '2020-06-24 13:30:00', '2020-06-24 03:30:00', 106.54000000, 106.55000000, 106.54500000, 106.52500000, 106.53500000, 106.53000000, 106.54500000, 106.55300000, 106.54900000, 106.52200000, 106.53200000, 106.52700000, 482, '2020-06-24 18:50:47'),
	(44, 'CS.D.USDJPY.MINI.IP', 'MINUTE_5', '2020-06-24 13:35:00', '2020-06-24 03:35:00', 106.52600000, 106.53600000, 106.53100000, 106.49700000, 106.50700000, 106.50200000, 106.53200000, 106.54000000, 106.53600000, 106.49300000, 106.50100000, 106.49700000, 404, '2020-06-24 18:50:47'),
	(45, 'CS.D.USDJPY.MINI.IP', 'MINUTE_5', '2020-06-24 13:40:00', '2020-06-24 03:40:00', 106.49800000, 106.50800000, 106.50300000, 106.51300000, 106.52000000, 106.51650000, 106.52000000, 106.52800000, 106.52400000, 106.49700000, 106.50500000, 106.50100000, 405, '2020-06-24 18:50:47'),
	(46, 'CS.D.USDJPY.MINI.IP', 'MINUTE_5', '2020-06-24 13:45:00', '2020-06-24 03:45:00', 106.51200000, 106.52200000, 106.51700000, 106.53800000, 106.54800000, 106.54300000, 106.54200000, 106.55100000, 106.54650000, 106.51100000, 106.52000000, 106.51550000, 364, '2020-06-24 18:50:48'),
	(47, 'CS.D.USDJPY.MINI.IP', 'MINUTE_5', '2020-06-24 13:50:00', '2020-06-24 03:50:00', 106.53700000, 106.54700000, 106.54200000, 106.54000000, 106.55000000, 106.54500000, 106.54100000, 106.55100000, 106.54600000, 106.52800000, 106.53700000, 106.53250000, 224, '2020-06-24 18:50:48'),
	(48, 'CS.D.USDJPY.MINI.IP', 'MINUTE_5', '2020-06-24 13:55:00', '2020-06-24 03:55:00', 106.53900000, 106.54900000, 106.54400000, 106.52300000, 106.53000000, 106.52650000, 106.54500000, 106.55300000, 106.54900000, 106.51500000, 106.52500000, 106.52000000, 299, '2020-06-24 18:50:48'),
	(49, 'CS.D.USDJPY.MINI.IP', 'MINUTE_5', '2020-06-24 14:00:00', '2020-06-24 04:00:00', 106.52400000, 106.53100000, 106.52750000, 106.53900000, 106.54900000, 106.54400000, 106.54700000, 106.55500000, 106.55100000, 106.51000000, 106.52000000, 106.51500000, 410, '2020-06-24 18:50:49'),
	(50, 'CS.D.USDJPY.MINI.IP', 'MINUTE_5', '2020-06-24 14:05:00', '2020-06-24 04:05:00', 106.54000000, 106.55000000, 106.54500000, 106.55600000, 106.56600000, 106.56100000, 106.57000000, 106.57900000, 106.57450000, 106.54000000, 106.54800000, 106.54400000, 341, '2020-06-24 18:50:49'),
	(51, 'CS.D.USDJPY.MINI.IP', 'MINUTE_5', '2020-06-24 14:10:00', '2020-06-24 04:10:00', 106.55500000, 106.56500000, 106.56000000, 106.54500000, 106.55500000, 106.55000000, 106.56000000, 106.57000000, 106.56500000, 106.53800000, 106.54500000, 106.54150000, 237, '2020-06-24 18:50:49'),
	(52, 'CS.D.USDJPY.MINI.IP', 'MINUTE_5', '2020-06-24 14:15:00', '2020-06-24 04:15:00', 106.54600000, 106.55600000, 106.55100000, 106.54200000, 106.54900000, 106.54550000, 106.55700000, 106.56500000, 106.56100000, 106.54000000, 106.54700000, 106.54350000, 235, '2020-06-24 18:50:49'),
	(53, 'CS.D.USDJPY.MINI.IP', 'MINUTE_5', '2020-06-24 14:20:00', '2020-06-24 04:20:00', 106.54300000, 106.55000000, 106.54650000, 106.55100000, 106.55800000, 106.55450000, 106.56000000, 106.56800000, 106.56400000, 106.54000000, 106.54800000, 106.54400000, 344, '2020-06-24 18:50:49'),
	(54, 'CS.D.USDJPY.MINI.IP', 'MINUTE_5', '2020-06-24 14:25:00', '2020-06-24 04:25:00', 106.55200000, 106.55900000, 106.55550000, 106.54700000, 106.55700000, 106.55200000, 106.56800000, 106.57800000, 106.57300000, 106.54300000, 106.55300000, 106.54800000, 301, '2020-06-24 18:50:50'),
	(55, 'CS.D.USDJPY.MINI.IP', 'MINUTE_5', '2020-06-24 14:30:00', '2020-06-24 04:30:00', 106.54800000, 106.55800000, 106.55300000, 106.53600000, 106.54300000, 106.53950000, 106.55000000, 106.55900000, 106.55450000, 106.52800000, 106.53600000, 106.53200000, 330, '2020-06-24 18:50:50'),
	(56, 'CS.D.USDJPY.MINI.IP', 'HOUR', '2020-06-24 13:00:00', '2020-06-24 03:00:00', 106.52900000, 106.53600000, 106.53250000, 106.52300000, 106.53000000, 106.52650000, 106.57600000, 106.58400000, 106.58000000, 106.49300000, 106.50100000, 106.49700000, 4033, '2020-06-24 18:50:52'),
	(57, 'CS.D.USDJPY.MINI.IP', 'HOUR', '2020-06-24 14:00:00', '2020-06-24 04:00:00', 106.52400000, 106.53100000, 106.52750000, 106.57100000, 106.57800000, 106.57450000, 106.57700000, 106.58400000, 106.58050000, 106.51000000, 106.52000000, 106.51500000, 3637, '2020-06-24 18:50:53'),
	(58, 'CS.D.USDJPY.MINI.IP', 'HOUR', '2020-06-24 15:00:00', '2020-06-24 05:00:00', 106.57000000, 106.57700000, 106.57350000, 106.55500000, 106.56500000, 106.56000000, 106.59800000, 106.60500000, 106.60150000, 106.53200000, 106.54200000, 106.53700000, 3049, '2020-06-24 18:50:53'),
	(59, 'CS.D.USDJPY.MINI.IP', 'HOUR', '2020-06-24 16:00:00', '2020-06-24 06:00:00', 106.55600000, 106.56600000, 106.56100000, 106.58600000, 106.59600000, 106.59100000, 106.60900000, 106.61700000, 106.61300000, 106.53700000, 106.54600000, 106.54150000, 4051, '2020-06-24 18:50:53'),
	(60, 'CS.D.USDJPY.MINI.IP', 'HOUR', '2020-06-24 17:00:00', '2020-06-24 07:00:00', 106.58700000, 106.59700000, 106.59200000, 106.59800000, 106.60800000, 106.60300000, 106.64300000, 106.65100000, 106.64700000, 106.56900000, 106.57900000, 106.57400000, 5940, '2020-06-24 18:50:53'),
	(61, 'CS.D.USDJPY.MINI.IP', 'MINUTE_5', '2020-06-24 14:35:00', '2020-06-24 04:35:00', 106.53500000, 106.54200000, 106.53850000, 106.53900000, 106.54600000, 106.54250000, 106.55400000, 106.56200000, 106.55800000, 106.53400000, 106.54100000, 106.53750000, 322, '2020-06-24 18:52:07'),
	(62, 'CS.D.USDJPY.MINI.IP', 'MINUTE_5', '2020-06-24 14:40:00', '2020-06-24 04:40:00', 106.53800000, 106.54800000, 106.54300000, 106.55100000, 106.55800000, 106.55450000, 106.56100000, 106.56800000, 106.56450000, 106.53800000, 106.54700000, 106.54250000, 225, '2020-06-24 18:52:07'),
	(63, 'CS.D.USDJPY.MINI.IP', 'MINUTE_5', '2020-06-24 14:45:00', '2020-06-24 04:45:00', 106.55000000, 106.55700000, 106.55350000, 106.55900000, 106.56900000, 106.56400000, 106.56500000, 106.57300000, 106.56900000, 106.54700000, 106.55400000, 106.55050000, 208, '2020-06-24 18:52:08'),
	(64, 'CS.D.USDJPY.MINI.IP', 'MINUTE_5', '2020-06-24 14:50:00', '2020-06-24 04:50:00', 106.56000000, 106.57000000, 106.56500000, 106.56800000, 106.57500000, 106.57150000, 106.57200000, 106.58000000, 106.57600000, 106.55600000, 106.56500000, 106.56050000, 262, '2020-06-24 18:52:08'),
	(65, 'CS.D.USDJPY.MINI.IP', 'MINUTE_5', '2020-06-24 14:55:00', '2020-06-24 04:55:00', 106.56600000, 106.57300000, 106.56950000, 106.57100000, 106.57800000, 106.57450000, 106.57700000, 106.58400000, 106.58050000, 106.56000000, 106.56800000, 106.56400000, 422, '2020-06-24 18:52:08'),
	(66, 'CS.D.USDJPY.MINI.IP', 'MINUTE_5', '2020-06-24 15:00:00', '2020-06-24 05:00:00', 106.57000000, 106.57700000, 106.57350000, 106.56700000, 106.57700000, 106.57200000, 106.58000000, 106.58900000, 106.58450000, 106.55900000, 106.56800000, 106.56350000, 355, '2020-06-24 18:52:08'),
	(67, 'CS.D.USDJPY.MINI.IP', 'MINUTE_5', '2020-06-24 15:05:00', '2020-06-24 05:05:00', 106.56600000, 106.57600000, 106.57100000, 106.54000000, 106.55000000, 106.54500000, 106.56600000, 106.57600000, 106.57100000, 106.53600000, 106.54400000, 106.54000000, 392, '2020-06-24 18:52:08'),
	(68, 'CS.D.USDJPY.MINI.IP', 'MINUTE_5', '2020-06-24 15:10:00', '2020-06-24 05:10:00', 106.53900000, 106.54900000, 106.54400000, 106.55100000, 106.56100000, 106.55600000, 106.55300000, 106.56100000, 106.55700000, 106.53200000, 106.54200000, 106.53700000, 188, '2020-06-24 18:52:09'),
	(69, 'CS.D.USDJPY.MINI.IP', 'MINUTE_5', '2020-06-24 15:15:00', '2020-06-24 05:15:00', 106.55500000, 106.56200000, 106.55850000, 106.57600000, 106.58300000, 106.57950000, 106.57900000, 106.58700000, 106.58300000, 106.55200000, 106.56000000, 106.55600000, 249, '2020-06-24 18:52:09'),
	(70, 'CS.D.USDJPY.MINI.IP', 'MINUTE_5', '2020-06-24 15:20:00', '2020-06-24 05:20:00', 106.57500000, 106.58500000, 106.58000000, 106.56800000, 106.57800000, 106.57300000, 106.57500000, 106.58500000, 106.58000000, 106.56000000, 106.56800000, 106.56400000, 204, '2020-06-24 18:52:09'),
	(71, 'CS.D.USDJPY.MINI.IP', 'MINUTE_5', '2020-06-24 15:25:00', '2020-06-24 05:25:00', 106.56700000, 106.57700000, 106.57200000, 106.56600000, 106.57300000, 106.56950000, 106.57000000, 106.57900000, 106.57450000, 106.56000000, 106.56900000, 106.56450000, 181, '2020-06-24 18:52:09'),
	(72, 'CS.D.USDJPY.MINI.IP', 'MINUTE_5', '2020-06-24 15:30:00', '2020-06-24 05:30:00', 106.56500000, 106.57200000, 106.56850000, 106.56700000, 106.57700000, 106.57200000, 106.58000000, 106.58900000, 106.58450000, 106.56100000, 106.57000000, 106.56550000, 219, '2020-06-24 18:52:10'),
	(73, 'CS.D.USDJPY.MINI.IP', 'MINUTE_5', '2020-06-24 15:35:00', '2020-06-24 05:35:00', 106.56600000, 106.57600000, 106.57100000, 106.58600000, 106.59300000, 106.58950000, 106.59400000, 106.60100000, 106.59750000, 106.55200000, 106.56100000, 106.55650000, 265, '2020-06-24 18:52:10'),
	(74, 'CS.D.USDJPY.MINI.IP', 'MINUTE_5', '2020-06-24 15:40:00', '2020-06-24 05:40:00', 106.58500000, 106.59200000, 106.58850000, 106.57200000, 106.58200000, 106.57700000, 106.59800000, 106.60500000, 106.60150000, 106.57100000, 106.57900000, 106.57500000, 239, '2020-06-24 18:52:10'),
	(75, 'CS.D.USDJPY.MINI.IP', 'MINUTE_5', '2020-06-24 15:45:00', '2020-06-24 05:45:00', 106.57300000, 106.58300000, 106.57800000, 106.57600000, 106.58600000, 106.58100000, 106.57900000, 106.58700000, 106.58300000, 106.55900000, 106.56700000, 106.56300000, 215, '2020-06-24 18:52:10'),
	(76, 'CS.D.USDJPY.MINI.IP', 'MINUTE_5', '2020-06-24 15:50:00', '2020-06-24 05:50:00', 106.57500000, 106.58500000, 106.58000000, 106.58400000, 106.59100000, 106.58750000, 106.58700000, 106.59500000, 106.59100000, 106.56300000, 106.57300000, 106.56800000, 256, '2020-06-24 18:52:10'),
	(77, 'CS.D.USDJPY.MINI.IP', 'MINUTE_5', '2020-06-24 15:55:00', '2020-06-24 05:55:00', 106.58300000, 106.59000000, 106.58650000, 106.55500000, 106.56500000, 106.56000000, 106.59500000, 106.60300000, 106.59900000, 106.55500000, 106.56400000, 106.55950000, 286, '2020-06-24 18:52:11'),
	(78, 'CS.D.USDJPY.MINI.IP', 'MINUTE_5', '2020-06-24 16:00:00', '2020-06-24 06:00:00', 106.55600000, 106.56600000, 106.56100000, 106.58100000, 106.58800000, 106.58450000, 106.58500000, 106.59500000, 106.59000000, 106.53700000, 106.54600000, 106.54150000, 515, '2020-06-24 18:52:11'),
	(79, 'CS.D.USDJPY.MINI.IP', 'MINUTE_5', '2020-06-24 16:05:00', '2020-06-24 06:05:00', 106.58200000, 106.58900000, 106.58550000, 106.57000000, 106.57700000, 106.57350000, 106.60300000, 106.61100000, 106.60700000, 106.56900000, 106.57600000, 106.57250000, 451, '2020-06-24 18:52:11'),
	(80, 'CS.D.USDJPY.MINI.IP', 'MINUTE_5', '2020-06-24 16:10:00', '2020-06-24 06:10:00', 106.56900000, 106.57600000, 106.57250000, 106.58600000, 106.59300000, 106.58950000, 106.58900000, 106.59600000, 106.59250000, 106.55400000, 106.56200000, 106.55800000, 385, '2020-06-24 18:52:28'),
	(81, 'CS.D.USDJPY.MINI.IP', 'MINUTE_5', '2020-06-24 16:15:00', '2020-06-24 06:15:00', 106.58500000, 106.59500000, 106.59000000, 106.59600000, 106.60300000, 106.59950000, 106.59700000, 106.60400000, 106.60050000, 106.57200000, 106.57900000, 106.57550000, 304, '2020-06-24 18:52:29'),
	(82, 'CS.D.USDJPY.MINI.IP', 'MINUTE_5', '2020-06-24 16:20:00', '2020-06-24 06:20:00', 106.59700000, 106.60400000, 106.60050000, 106.59600000, 106.60600000, 106.60100000, 106.60900000, 106.61700000, 106.61300000, 106.58300000, 106.59200000, 106.58750000, 298, '2020-06-24 18:52:29'),
	(83, 'CS.D.USDJPY.MINI.IP', 'MINUTE_5', '2020-06-24 16:25:00', '2020-06-24 06:25:00', 106.59500000, 106.60500000, 106.60000000, 106.58700000, 106.59400000, 106.59050000, 106.60800000, 106.61600000, 106.61200000, 106.58600000, 106.59300000, 106.58950000, 313, '2020-06-24 18:52:29'),
	(84, 'CS.D.USDJPY.MINI.IP', 'MINUTE_5', '2020-06-24 16:30:00', '2020-06-24 06:30:00', 106.58800000, 106.59500000, 106.59150000, 106.57700000, 106.58400000, 106.58050000, 106.59100000, 106.59800000, 106.59450000, 106.57300000, 106.58100000, 106.57700000, 309, '2020-06-24 18:52:29'),
	(85, 'CS.D.USDJPY.MINI.IP', 'MINUTE_5', '2020-06-24 16:35:00', '2020-06-24 06:35:00', 106.57800000, 106.58500000, 106.58150000, 106.56800000, 106.57800000, 106.57300000, 106.58600000, 106.59400000, 106.59000000, 106.56700000, 106.57500000, 106.57100000, 314, '2020-06-24 18:52:30'),
	(86, 'CS.D.USDJPY.MINI.IP', 'MINUTE_5', '2020-06-24 16:40:00', '2020-06-24 06:40:00', 106.56900000, 106.57900000, 106.57400000, 106.58500000, 106.59200000, 106.58850000, 106.58500000, 106.59400000, 106.58950000, 106.56800000, 106.57600000, 106.57200000, 221, '2020-06-24 18:52:30'),
	(87, 'CS.D.USDJPY.MINI.IP', 'MINUTE_5', '2020-06-24 16:45:00', '2020-06-24 06:45:00', 106.58400000, 106.59400000, 106.58900000, 106.57800000, 106.58500000, 106.58150000, 106.59700000, 106.60500000, 106.60100000, 106.57100000, 106.57800000, 106.57450000, 376, '2020-06-24 18:52:30'),
	(88, 'CS.D.USDJPY.MINI.IP', 'MINUTE_5', '2020-06-24 16:50:00', '2020-06-24 06:50:00', 106.57700000, 106.58400000, 106.58050000, 106.59100000, 106.59800000, 106.59450000, 106.59800000, 106.60500000, 106.60150000, 106.57300000, 106.58100000, 106.57700000, 287, '2020-06-24 18:52:30'),
	(89, 'CS.D.USDJPY.MINI.IP', 'MINUTE_5', '2020-06-24 16:55:00', '2020-06-24 06:55:00', 106.58900000, 106.59900000, 106.59400000, 106.58600000, 106.59600000, 106.59100000, 106.60100000, 106.60900000, 106.60500000, 106.58300000, 106.59200000, 106.58750000, 278, '2020-06-24 18:52:30'),
	(90, 'CS.D.USDJPY.MINI.IP', 'MINUTE_5', '2020-06-24 17:00:00', '2020-06-24 07:00:00', 106.58700000, 106.59700000, 106.59200000, 106.60900000, 106.61900000, 106.61400000, 106.61100000, 106.61900000, 106.61500000, 106.58600000, 106.59400000, 106.59000000, 416, '2020-06-24 18:52:31'),
	(91, 'CS.D.USDJPY.MINI.IP', 'MINUTE_5', '2020-06-24 17:05:00', '2020-06-24 07:05:00', 106.61000000, 106.61700000, 106.61350000, 106.62700000, 106.63400000, 106.63050000, 106.64300000, 106.65100000, 106.64700000, 106.60900000, 106.61700000, 106.61300000, 565, '2020-06-24 18:52:31'),
	(92, 'CS.D.USDJPY.MINI.IP', 'MINUTE_5', '2020-06-24 17:10:00', '2020-06-24 07:10:00', 106.62600000, 106.63300000, 106.62950000, 106.60600000, 106.61600000, 106.61100000, 106.64100000, 106.64900000, 106.64500000, 106.60100000, 106.61100000, 106.60600000, 489, '2020-06-24 18:52:31'),
	(93, 'CS.D.USDJPY.MINI.IP', 'MINUTE_5', '2020-06-24 17:15:00', '2020-06-24 07:15:00', 106.60700000, 106.61700000, 106.61200000, 106.60000000, 106.61000000, 106.60500000, 106.62300000, 106.63100000, 106.62700000, 106.59800000, 106.60700000, 106.60250000, 482, '2020-06-24 18:52:31'),
	(94, 'CS.D.USDJPY.MINI.IP', 'MINUTE_5', '2020-06-24 17:20:00', '2020-06-24 07:20:00', 106.59800000, 106.60800000, 106.60300000, 106.61500000, 106.62200000, 106.61850000, 106.62200000, 106.63000000, 106.62600000, 106.58900000, 106.59800000, 106.59350000, 492, '2020-06-24 18:52:32'),
	(95, 'CS.D.USDJPY.MINI.IP', 'MINUTE_5', '2020-06-24 17:25:00', '2020-06-24 07:25:00', 106.61600000, 106.62300000, 106.61950000, 106.62800000, 106.63800000, 106.63300000, 106.62800000, 106.63800000, 106.63300000, 106.60500000, 106.61300000, 106.60900000, 449, '2020-06-24 18:52:32'),
	(96, 'CS.D.USDJPY.MINI.IP', 'MINUTE_5', '2020-06-24 17:30:00', '2020-06-24 07:30:00', 106.62700000, 106.63700000, 106.63200000, 106.62500000, 106.63200000, 106.62850000, 106.63700000, 106.64600000, 106.64150000, 106.60400000, 106.61100000, 106.60750000, 438, '2020-06-24 18:52:32'),
	(97, 'CS.D.USDJPY.MINI.IP', 'MINUTE_5', '2020-06-24 17:35:00', '2020-06-24 07:35:00', 106.62400000, 106.63400000, 106.62900000, 106.60500000, 106.61500000, 106.61000000, 106.62600000, 106.63500000, 106.63050000, 106.59500000, 106.60500000, 106.60000000, 512, '2020-06-24 18:52:32'),
	(98, 'CS.D.USDJPY.MINI.IP', 'MINUTE_5', '2020-06-24 17:40:00', '2020-06-24 07:40:00', 106.60400000, 106.61400000, 106.60900000, 106.58300000, 106.59300000, 106.58800000, 106.61100000, 106.62000000, 106.61550000, 106.56900000, 106.57900000, 106.57400000, 630, '2020-06-24 18:52:32'),
	(99, 'CS.D.USDJPY.MINI.IP', 'MINUTE_5', '2020-06-24 17:45:00', '2020-06-24 07:45:00', 106.58200000, 106.59200000, 106.58700000, 106.62400000, 106.63400000, 106.62900000, 106.63400000, 106.64400000, 106.63900000, 106.58000000, 106.58900000, 106.58450000, 544, '2020-06-24 18:53:00'),
	(100, 'CS.D.USDJPY.MINI.IP', 'MINUTE_5', '2020-06-24 17:50:00', '2020-06-24 07:50:00', 106.62500000, 106.63500000, 106.63000000, 106.60600000, 106.61600000, 106.61100000, 106.63800000, 106.64700000, 106.64250000, 106.60100000, 106.61100000, 106.60600000, 495, '2020-06-24 18:53:00'),
	(101, 'CS.D.USDJPY.MINI.IP', 'MINUTE_5', '2020-06-24 17:55:00', '2020-06-24 07:55:00', 106.60800000, 106.61800000, 106.61300000, 106.59800000, 106.60800000, 106.60300000, 106.61300000, 106.62200000, 106.61750000, 106.58900000, 106.59900000, 106.59400000, 428, '2020-06-24 18:53:00'),
	(102, 'CS.D.USDJPY.MINI.IP', 'MINUTE_5', '2020-06-24 18:00:00', '2020-06-24 08:00:00', 106.59700000, 106.60700000, 106.60200000, 106.56600000, 106.57600000, 106.57100000, 106.59800000, 106.60800000, 106.60300000, 106.56200000, 106.57200000, 106.56700000, 572, '2020-06-24 18:53:00'),
	(103, 'CS.D.USDJPY.MINI.IP', 'MINUTE_5', '2020-06-24 18:05:00', '2020-06-24 08:05:00', 106.56500000, 106.57500000, 106.57000000, 106.49700000, 106.50700000, 106.50200000, 106.56900000, 106.57800000, 106.57350000, 106.49700000, 106.50600000, 106.50150000, 619, '2020-06-24 18:53:00'),
	(104, 'CS.D.USDJPY.MINI.IP', 'MINUTE_5', '2020-06-24 18:10:00', '2020-06-24 08:10:00', 106.49900000, 106.50600000, 106.50250000, 106.51700000, 106.52400000, 106.52050000, 106.52500000, 106.53400000, 106.52950000, 106.47400000, 106.48100000, 106.47750000, 606, '2020-06-24 18:53:01'),
	(105, 'CS.D.USDJPY.MINI.IP', 'MINUTE_5', '2020-06-24 18:15:00', '2020-06-24 08:15:00', 106.51600000, 106.52600000, 106.52100000, 106.50800000, 106.51500000, 106.51150000, 106.52500000, 106.53400000, 106.52950000, 106.49500000, 106.50300000, 106.49900000, 681, '2020-06-24 18:53:01'),
	(106, 'CS.D.USDJPY.MINI.IP', 'MINUTE_5', '2020-06-24 18:20:00', '2020-06-24 08:20:00', 106.50600000, 106.51600000, 106.51100000, 106.52700000, 106.53700000, 106.53200000, 106.53100000, 106.54100000, 106.53600000, 106.49100000, 106.50100000, 106.49600000, 669, '2020-06-24 18:53:01'),
	(107, 'CS.D.USDJPY.MINI.IP', 'MINUTE_5', '2020-06-24 18:25:00', '2020-06-24 08:25:00', 106.52800000, 106.53800000, 106.53300000, 106.53100000, 106.54100000, 106.53600000, 106.53700000, 106.54600000, 106.54150000, 106.51500000, 106.52300000, 106.51900000, 510, '2020-06-24 18:53:01'),
	(108, 'CS.D.USDJPY.MINI.IP', 'MINUTE_5', '2020-06-24 18:30:00', '2020-06-24 08:30:00', 106.53000000, 106.54000000, 106.53500000, 106.55800000, 106.56500000, 106.56150000, 106.56300000, 106.57100000, 106.56700000, 106.52100000, 106.52800000, 106.52450000, 400, '2020-06-24 18:53:02'),
	(109, 'CS.D.USDJPY.MINI.IP', 'MINUTE_5', '2020-06-24 18:35:00', '2020-06-24 08:35:00', 106.55700000, 106.56400000, 106.56050000, 106.55600000, 106.56600000, 106.56100000, 106.56600000, 106.57600000, 106.57100000, 106.54200000, 106.55200000, 106.54700000, 436, '2020-06-24 18:53:02'),
	(110, 'CS.D.USDJPY.MINI.IP', 'MINUTE_5', '2020-06-24 18:40:00', '2020-06-24 08:40:00', 106.55700000, 106.56700000, 106.56200000, 106.53300000, 106.54300000, 106.53800000, 106.57400000, 106.58200000, 106.57800000, 106.53200000, 106.54200000, 106.53700000, 521, '2020-06-24 18:53:02'),
	(111, 'CS.D.USDJPY.MINI.IP', 'MINUTE_5', '2020-06-24 18:45:00', '2020-06-24 08:45:00', 106.53400000, 106.54400000, 106.53900000, 106.49700000, 106.50700000, 106.50200000, 106.54500000, 106.55300000, 106.54900000, 106.49600000, 106.50500000, 106.50050000, 502, '2020-06-24 18:53:02'),
	(112, 'CS.D.USDJPY.MINI.IP', 'MINUTE_5', '2020-06-24 18:50:00', '2020-06-24 08:50:00', 106.49800000, 106.50800000, 106.50300000, 106.49800000, 106.50800000, 106.50300000, 106.51500000, 106.52400000, 106.51950000, 106.49200000, 106.50200000, 106.49700000, 393, '2020-06-24 18:58:49'),
	(113, 'CS.D.USDJPY.MINI.IP', 'MINUTE_5', '2020-06-24 18:55:00', '2020-06-24 08:55:00', 106.49900000, 106.50900000, 106.50400000, 106.52200000, 106.52900000, 106.52550000, 106.52500000, 106.53400000, 106.52950000, 106.49900000, 106.50900000, 106.50400000, 441, '2020-06-25 11:10:51'),
	(114, 'CS.D.USDJPY.MINI.IP', 'MINUTE_5', '2020-06-24 19:00:00', '2020-06-24 09:00:00', 106.52000000, 106.53000000, 106.52500000, 106.53200000, 106.54200000, 106.53700000, 106.53400000, 106.54400000, 106.53900000, 106.51100000, 106.51900000, 106.51500000, 498, '2020-06-25 11:10:51'),
	(115, 'CS.D.USDJPY.MINI.IP', 'MINUTE_5', '2020-06-24 19:05:00', '2020-06-24 09:05:00', 106.53100000, 106.54100000, 106.53600000, 106.53000000, 106.54000000, 106.53500000, 106.53900000, 106.54800000, 106.54350000, 106.51300000, 106.52200000, 106.51750000, 470, '2020-06-25 11:10:51'),
	(116, 'CS.D.USDJPY.MINI.IP', 'MINUTE_5', '2020-06-24 19:10:00', '2020-06-24 09:10:00', 106.53100000, 106.54100000, 106.53600000, 106.49300000, 106.50300000, 106.49800000, 106.53100000, 106.54100000, 106.53600000, 106.45800000, 106.46800000, 106.46300000, 634, '2020-06-25 11:10:52'),
	(117, 'CS.D.USDJPY.MINI.IP', 'MINUTE_5', '2020-06-24 19:15:00', '2020-06-24 09:15:00', 106.49200000, 106.50200000, 106.49700000, 106.52600000, 106.53600000, 106.53100000, 106.53300000, 106.54300000, 106.53800000, 106.47800000, 106.48800000, 106.48300000, 558, '2020-06-25 11:10:52'),
	(118, 'CS.D.USDJPY.MINI.IP', 'MINUTE_5', '2020-06-24 19:20:00', '2020-06-24 09:20:00', 106.52800000, 106.53800000, 106.53300000, 106.53300000, 106.54000000, 106.53650000, 106.54900000, 106.55900000, 106.55400000, 106.52400000, 106.53400000, 106.52900000, 602, '2020-06-25 11:10:52'),
	(119, 'CS.D.USDJPY.MINI.IP', 'MINUTE_5', '2020-06-24 19:25:00', '2020-06-24 09:25:00', 106.53200000, 106.54200000, 106.53700000, 106.54300000, 106.55300000, 106.54800000, 106.54800000, 106.55800000, 106.55300000, 106.52300000, 106.53200000, 106.52750000, 477, '2020-06-25 11:10:52'),
	(120, 'CS.D.USDJPY.MINI.IP', 'MINUTE_5', '2020-06-24 19:30:00', '2020-06-24 09:30:00', 106.54100000, 106.55100000, 106.54600000, 106.52400000, 106.53400000, 106.52900000, 106.54300000, 106.55200000, 106.54750000, 106.52100000, 106.52900000, 106.52500000, 640, '2020-06-25 11:10:53'),
	(121, 'CS.D.USDJPY.MINI.IP', 'MINUTE_5', '2020-06-24 19:35:00', '2020-06-24 09:35:00', 106.52600000, 106.53300000, 106.52950000, 106.51100000, 106.52100000, 106.51600000, 106.54300000, 106.55200000, 106.54750000, 106.50300000, 106.51300000, 106.50800000, 565, '2020-06-25 11:10:53'),
	(122, 'CS.D.USDJPY.MINI.IP', 'MINUTE_5', '2020-06-24 19:40:00', '2020-06-24 09:40:00', 106.51200000, 106.52200000, 106.51700000, 106.51900000, 106.52900000, 106.52400000, 106.53100000, 106.54000000, 106.53550000, 106.51100000, 106.52000000, 106.51550000, 439, '2020-06-25 11:10:53'),
	(123, 'CS.D.USDJPY.MINI.IP', 'MINUTE_5', '2020-06-24 19:45:00', '2020-06-24 09:45:00', 106.51800000, 106.52800000, 106.52300000, 106.52300000, 106.53300000, 106.52800000, 106.53300000, 106.54200000, 106.53750000, 106.51500000, 106.52400000, 106.51950000, 345, '2020-06-25 11:10:53'),
	(124, 'CS.D.USDJPY.MINI.IP', 'MINUTE_5', '2020-06-24 19:50:00', '2020-06-24 09:50:00', 106.52400000, 106.53400000, 106.52900000, 106.51900000, 106.52600000, 106.52250000, 106.53400000, 106.54200000, 106.53800000, 106.51300000, 106.52100000, 106.51700000, 355, '2020-06-25 11:10:53'),
	(125, 'CS.D.USDJPY.MINI.IP', 'MINUTE_5', '2020-06-24 19:55:00', '2020-06-24 09:55:00', 106.51700000, 106.52700000, 106.52200000, 106.50600000, 106.51300000, 106.50950000, 106.52400000, 106.53200000, 106.52800000, 106.50300000, 106.51100000, 106.50700000, 392, '2020-06-25 11:10:54'),
	(126, 'CS.D.USDJPY.MINI.IP', 'MINUTE_5', '2020-06-24 20:00:00', '2020-06-24 10:00:00', 106.50400000, 106.51400000, 106.50900000, 106.48100000, 106.49100000, 106.48600000, 106.50600000, 106.51500000, 106.51050000, 106.47500000, 106.48500000, 106.48000000, 509, '2020-06-25 11:10:54'),
	(127, 'CS.D.USDJPY.MINI.IP', 'MINUTE_5', '2020-06-24 20:05:00', '2020-06-24 10:05:00', 106.48200000, 106.49200000, 106.48700000, 106.49700000, 106.50400000, 106.50050000, 106.49900000, 106.50700000, 106.50300000, 106.48100000, 106.49100000, 106.48600000, 265, '2020-06-25 11:10:54'),
	(128, 'CS.D.USDJPY.MINI.IP', 'MINUTE_5', '2020-06-24 20:10:00', '2020-06-24 10:10:00', 106.49800000, 106.50500000, 106.50150000, 106.52300000, 106.53300000, 106.52800000, 106.52600000, 106.53600000, 106.53100000, 106.49500000, 106.50300000, 106.49900000, 419, '2020-06-25 11:10:54'),
	(129, 'CS.D.USDJPY.MINI.IP', 'MINUTE_5', '2020-06-24 20:15:00', '2020-06-24 10:15:00', 106.52400000, 106.53400000, 106.52900000, 106.50400000, 106.51400000, 106.50900000, 106.54000000, 106.54800000, 106.54400000, 106.50400000, 106.51400000, 106.50900000, 509, '2020-06-25 11:10:55'),
	(130, 'CS.D.USDJPY.MINI.IP', 'MINUTE_5', '2020-06-24 20:20:00', '2020-06-24 10:20:00', 106.50500000, 106.51500000, 106.51000000, 106.49100000, 106.49800000, 106.49450000, 106.51400000, 106.52200000, 106.51800000, 106.49000000, 106.49800000, 106.49400000, 432, '2020-06-25 11:10:55'),
	(131, 'CS.D.USDJPY.MINI.IP', 'MINUTE_5', '2020-06-24 20:25:00', '2020-06-24 10:25:00', 106.49200000, 106.49900000, 106.49550000, 106.50400000, 106.51400000, 106.50900000, 106.50400000, 106.51400000, 106.50900000, 106.48200000, 106.49100000, 106.48650000, 340, '2020-06-25 11:10:55'),
	(132, 'CS.D.USDJPY.MINI.IP', 'HOUR', '2020-06-24 18:00:00', '2020-06-24 08:00:00', 106.59700000, 106.60700000, 106.60200000, 106.52200000, 106.52900000, 106.52550000, 106.59800000, 106.60800000, 106.60300000, 106.47400000, 106.48100000, 106.47750000, 6350, '2020-06-25 11:10:58'),
	(133, 'CS.D.USDJPY.MINI.IP', 'HOUR', '2020-06-24 19:00:00', '2020-06-24 09:00:00', 106.52000000, 106.53000000, 106.52500000, 106.50600000, 106.51300000, 106.50950000, 106.54900000, 106.55900000, 106.55400000, 106.45800000, 106.46800000, 106.46300000, 5975, '2020-06-25 11:10:59'),
	(134, 'CS.D.USDJPY.MINI.IP', 'HOUR', '2020-06-24 20:00:00', '2020-06-24 10:00:00', 106.50400000, 106.51400000, 106.50900000, 106.52600000, 106.53600000, 106.53100000, 106.54600000, 106.55600000, 106.55100000, 106.47500000, 106.48500000, 106.48000000, 4343, '2020-06-25 11:10:59'),
	(135, 'CS.D.USDJPY.MINI.IP', 'HOUR', '2020-06-24 21:00:00', '2020-06-24 11:00:00', 106.52500000, 106.53500000, 106.53000000, 106.58900000, 106.59900000, 106.59400000, 106.59600000, 106.60600000, 106.60100000, 106.50000000, 106.50900000, 106.50450000, 3842, '2020-06-25 11:10:59'),
	(136, 'CS.D.USDJPY.MINI.IP', 'HOUR', '2020-06-24 22:00:00', '2020-06-24 12:00:00', 106.59000000, 106.60000000, 106.59500000, 106.75300000, 106.76300000, 106.75800000, 106.80100000, 106.81100000, 106.80600000, 106.56500000, 106.57500000, 106.57000000, 6806, '2020-06-25 11:10:59'),
	(137, 'CS.D.USDJPY.MINI.IP', 'HOUR', '2020-06-24 23:00:00', '2020-06-24 13:00:00', 106.75500000, 106.76500000, 106.76000000, 106.84800000, 106.85800000, 106.85300000, 106.89900000, 106.90900000, 106.90400000, 106.70700000, 106.71600000, 106.71150000, 7494, '2020-06-25 11:11:00'),
	(138, 'CS.D.USDJPY.MINI.IP', 'HOUR', '2020-06-25 00:00:00', '2020-06-24 14:00:00', 106.84700000, 106.85700000, 106.85200000, 106.89200000, 106.90200000, 106.89700000, 106.96100000, 106.97100000, 106.96600000, 106.81700000, 106.82700000, 106.82200000, 8625, '2020-06-25 11:11:00'),
	(139, 'CS.D.USDJPY.MINI.IP', 'HOUR', '2020-06-25 01:00:00', '2020-06-24 15:00:00', 106.89300000, 106.90300000, 106.89800000, 106.82300000, 106.83000000, 106.82650000, 106.98000000, 106.98900000, 106.98450000, 106.78200000, 106.79200000, 106.78700000, 7984, '2020-06-25 11:11:00'),
	(140, 'CS.D.USDJPY.MINI.IP', 'HOUR', '2020-06-25 02:00:00', '2020-06-24 16:00:00', 106.82200000, 106.83200000, 106.82700000, 106.82500000, 106.83500000, 106.83000000, 106.89700000, 106.90600000, 106.90150000, 106.81200000, 106.82200000, 106.81700000, 4913, '2020-06-25 11:11:01'),
	(141, 'CS.D.USDJPY.MINI.IP', 'HOUR', '2020-06-25 03:00:00', '2020-06-24 17:00:00', 106.82400000, 106.83400000, 106.82900000, 106.91300000, 106.92000000, 106.91650000, 106.91600000, 106.92600000, 106.92100000, 106.81400000, 106.82300000, 106.81850000, 4067, '2020-06-25 11:11:01'),
	(142, 'CS.D.USDJPY.MINI.IP', 'HOUR', '2020-06-25 04:00:00', '2020-06-24 18:00:00', 106.91400000, 106.92100000, 106.91750000, 106.93700000, 106.94400000, 106.94050000, 106.94600000, 106.95300000, 106.94950000, 106.89100000, 106.90000000, 106.89550000, 3478, '2020-06-25 11:11:01'),
	(143, 'CS.D.USDJPY.MINI.IP', 'HOUR', '2020-06-25 05:00:00', '2020-06-24 19:00:00', 106.94000000, 106.94700000, 106.94350000, 107.01900000, 107.02900000, 107.02400000, 107.02600000, 107.03400000, 107.03000000, 106.93300000, 106.94300000, 106.93800000, 3942, '2020-06-25 11:11:01'),
	(144, 'CS.D.USDJPY.MINI.IP', 'HOUR', '2020-06-25 06:00:00', '2020-06-24 20:00:00', 107.01800000, 107.02800000, 107.02300000, 107.03900000, 107.04900000, 107.04400000, 107.06700000, 107.07700000, 107.07200000, 106.99900000, 107.00700000, 107.00300000, 3121, '2020-06-25 11:11:02'),
	(145, 'CS.D.USDJPY.MINI.IP', 'HOUR', '2020-06-25 07:00:00', '2020-06-24 21:00:00', 107.03500000, 107.05300000, 107.04400000, 107.01500000, 107.05200000, 107.03350000, 107.05200000, 107.08400000, 107.06800000, 106.92700000, 106.98700000, 106.95700000, 4925, '2020-06-25 11:11:02'),
	(146, 'CS.D.USDJPY.MINI.IP', 'HOUR', '2020-06-25 08:00:00', '2020-06-24 22:00:00', 107.01100000, 107.05100000, 107.03100000, 107.04900000, 107.05900000, 107.05400000, 107.14300000, 107.15300000, 107.14800000, 107.00400000, 107.03500000, 107.01950000, 3268, '2020-06-25 11:11:02'),
	(147, 'CS.D.USDJPY.MINI.IP', 'HOUR', '2020-06-25 09:00:00', '2020-06-24 23:00:00', 107.04700000, 107.05700000, 107.05200000, 107.02800000, 107.03500000, 107.03150000, 107.07400000, 107.08400000, 107.07900000, 107.00500000, 107.01500000, 107.01000000, 2278, '2020-06-25 11:11:03'),
	(148, 'CS.D.USDJPY.MINI.IP', 'HOUR', '2020-06-25 10:00:00', '2020-06-25 00:00:00', 107.02700000, 107.03400000, 107.03050000, 107.06400000, 107.07400000, 107.06900000, 107.14400000, 107.15300000, 107.14850000, 107.01500000, 107.02500000, 107.02000000, 6278, '2020-06-25 11:11:03'),
	(149, 'CS.D.USDJPY.MINI.IP', 'MINUTE_5', '2020-06-24 20:30:00', '2020-06-24 10:30:00', 106.50500000, 106.51500000, 106.51000000, 106.50200000, 106.51200000, 106.50700000, 106.51000000, 106.52000000, 106.51500000, 106.49500000, 106.50500000, 106.50000000, 343, '2020-06-25 11:11:39'),
	(150, 'CS.D.USDJPY.MINI.IP', 'MINUTE_5', '2020-06-24 20:35:00', '2020-06-24 10:35:00', 106.50300000, 106.51000000, 106.50650000, 106.49600000, 106.50600000, 106.50100000, 106.51900000, 106.52600000, 106.52250000, 106.49300000, 106.50300000, 106.49800000, 259, '2020-06-25 11:11:39'),
	(151, 'CS.D.USDJPY.MINI.IP', 'MINUTE_5', '2020-06-24 20:40:00', '2020-06-24 10:40:00', 106.49500000, 106.50500000, 106.50000000, 106.52500000, 106.53500000, 106.53000000, 106.53000000, 106.53700000, 106.53350000, 106.49400000, 106.50400000, 106.49900000, 390, '2020-06-25 11:11:40'),
	(152, 'CS.D.USDJPY.MINI.IP', 'MINUTE_5', '2020-06-24 20:45:00', '2020-06-24 10:45:00', 106.52400000, 106.53400000, 106.52900000, 106.52100000, 106.53100000, 106.52600000, 106.52500000, 106.53500000, 106.53000000, 106.51000000, 106.51900000, 106.51450000, 273, '2020-06-25 11:11:40'),
	(153, 'CS.D.USDJPY.MINI.IP', 'MINUTE_5', '2020-06-24 20:50:00', '2020-06-24 10:50:00', 106.52300000, 106.53000000, 106.52650000, 106.53800000, 106.54500000, 106.54150000, 106.54600000, 106.55600000, 106.55100000, 106.52000000, 106.52900000, 106.52450000, 322, '2020-06-25 11:11:40'),
	(154, 'CS.D.USDJPY.MINI.IP', 'MINUTE_5', '2020-06-24 20:55:00', '2020-06-24 10:55:00', 106.53900000, 106.54600000, 106.54250000, 106.52600000, 106.53600000, 106.53100000, 106.54300000, 106.55100000, 106.54700000, 106.52500000, 106.53400000, 106.52950000, 282, '2020-06-25 11:11:41'),
	(155, 'CS.D.USDJPY.MINI.IP', 'MINUTE_5', '2020-06-24 21:00:00', '2020-06-24 11:00:00', 106.52500000, 106.53500000, 106.53000000, 106.50700000, 106.51700000, 106.51200000, 106.53000000, 106.53700000, 106.53350000, 106.50000000, 106.50900000, 106.50450000, 298, '2020-06-25 11:11:41'),
	(156, 'CS.D.USDJPY.MINI.IP', 'MINUTE_5', '2020-06-24 21:05:00', '2020-06-24 11:05:00', 106.50600000, 106.51600000, 106.51100000, 106.53100000, 106.53800000, 106.53450000, 106.53100000, 106.53900000, 106.53500000, 106.50600000, 106.51600000, 106.51100000, 299, '2020-06-25 11:11:42'),
	(157, 'CS.D.USDJPY.MINI.IP', 'MINUTE_5', '2020-06-24 21:10:00', '2020-06-24 11:10:00', 106.53000000, 106.53700000, 106.53350000, 106.51300000, 106.52300000, 106.51800000, 106.53700000, 106.54400000, 106.54050000, 106.50600000, 106.51600000, 106.51100000, 284, '2020-06-25 11:11:42'),
	(158, 'CS.D.USDJPY.MINI.IP', 'MINUTE_5', '2020-06-24 21:15:00', '2020-06-24 11:15:00', 106.51400000, 106.52400000, 106.51900000, 106.51400000, 106.52400000, 106.51900000, 106.52000000, 106.52900000, 106.52450000, 106.50600000, 106.51500000, 106.51050000, 298, '2020-06-25 11:11:42'),
	(159, 'CS.D.USDJPY.MINI.IP', 'MINUTE_5', '2020-06-24 21:20:00', '2020-06-24 11:20:00', 106.51300000, 106.52300000, 106.51800000, 106.51900000, 106.52900000, 106.52400000, 106.54000000, 106.55000000, 106.54500000, 106.51000000, 106.51900000, 106.51450000, 316, '2020-06-25 11:11:43'),
	(160, 'CS.D.USDJPY.MINI.IP', 'MINUTE_5', '2020-06-24 21:25:00', '2020-06-24 11:25:00', 106.52100000, 106.52800000, 106.52450000, 106.50700000, 106.51700000, 106.51200000, 106.53200000, 106.54000000, 106.53600000, 106.50600000, 106.51400000, 106.51000000, 405, '2020-06-25 11:11:43'),
	(161, 'CS.D.USDJPY.MINI.IP', 'MINUTE_5', '2020-06-24 21:30:00', '2020-06-24 11:30:00', 106.50800000, 106.51800000, 106.51300000, 106.52700000, 106.53700000, 106.53200000, 106.53300000, 106.54200000, 106.53750000, 106.50000000, 106.51000000, 106.50500000, 334, '2020-06-25 11:11:43'),
	(162, 'CS.D.USDJPY.MINI.IP', 'MINUTE_5', '2020-06-24 21:35:00', '2020-06-24 11:35:00', 106.52800000, 106.53800000, 106.53300000, 106.52800000, 106.53500000, 106.53150000, 106.53300000, 106.54200000, 106.53750000, 106.51900000, 106.52700000, 106.52300000, 371, '2020-06-25 11:11:44'),
	(163, 'CS.D.USDJPY.MINI.IP', 'MINUTE_5', '2020-06-24 21:40:00', '2020-06-24 11:40:00', 106.52900000, 106.53600000, 106.53250000, 106.53400000, 106.54100000, 106.53750000, 106.53500000, 106.54200000, 106.53850000, 106.52500000, 106.53300000, 106.52900000, 349, '2020-06-25 11:11:44'),
	(164, 'CS.D.USDJPY.MINI.IP', 'MINUTE_5', '2020-06-24 21:45:00', '2020-06-24 11:45:00', 106.53500000, 106.54200000, 106.53850000, 106.53800000, 106.54500000, 106.54150000, 106.54300000, 106.55200000, 106.54750000, 106.52900000, 106.53700000, 106.53300000, 266, '2020-06-25 11:11:44'),
	(165, 'CS.D.USDJPY.MINI.IP', 'MINUTE_5', '2020-06-24 21:50:00', '2020-06-24 11:50:00', 106.53700000, 106.54400000, 106.54050000, 106.57400000, 106.58100000, 106.57750000, 106.57900000, 106.58700000, 106.58300000, 106.53100000, 106.54000000, 106.53550000, 281, '2020-06-25 11:11:45'),
	(166, 'CS.D.USDJPY.MINI.IP', 'MINUTE_5', '2020-06-24 21:55:00', '2020-06-24 11:55:00', 106.57300000, 106.58000000, 106.57650000, 106.58900000, 106.59900000, 106.59400000, 106.59600000, 106.60600000, 106.60100000, 106.56900000, 106.57700000, 106.57300000, 341, '2020-06-25 11:11:45'),
	(167, 'CS.D.USDJPY.MINI.IP', 'MINUTE_5', '2020-06-24 22:00:00', '2020-06-24 12:00:00', 106.59000000, 106.60000000, 106.59500000, 106.57800000, 106.58800000, 106.58300000, 106.59000000, 106.60000000, 106.59500000, 106.56500000, 106.57500000, 106.57000000, 433, '2020-06-25 11:11:45'),
	(168, 'CS.D.USDJPY.MINI.IP', 'MINUTE_5', '2020-06-24 22:05:00', '2020-06-24 12:05:00', 106.57700000, 106.58700000, 106.58200000, 106.60100000, 106.61100000, 106.60600000, 106.60500000, 106.61300000, 106.60900000, 106.57100000, 106.57900000, 106.57500000, 376, '2020-06-25 11:47:30'),
	(169, 'CS.D.USDJPY.MINI.IP', 'MINUTE_5', '2020-06-24 22:10:00', '2020-06-24 12:10:00', 106.60300000, 106.61300000, 106.60800000, 106.62100000, 106.62800000, 106.62450000, 106.62700000, 106.63600000, 106.63150000, 106.59200000, 106.60200000, 106.59700000, 527, '2020-06-25 11:47:30'),
	(170, 'CS.D.USDJPY.MINI.IP', 'MINUTE_5', '2020-06-24 22:15:00', '2020-06-24 12:15:00', 106.63000000, 106.64900000, 106.63950000, 106.71800000, 106.72800000, 106.72300000, 106.74100000, 106.75100000, 106.74600000, 106.62900000, 106.63700000, 106.63300000, 809, '2020-06-25 11:47:30'),
	(171, 'CS.D.USDJPY.MINI.IP', 'MINUTE_5', '2020-06-24 22:20:00', '2020-06-24 12:20:00', 106.71700000, 106.72700000, 106.72200000, 106.67700000, 106.68700000, 106.68200000, 106.75100000, 106.75800000, 106.75450000, 106.66900000, 106.67900000, 106.67400000, 685, '2020-06-25 11:47:30'),
	(172, 'CS.D.USDJPY.MINI.IP', 'MINUTE_5', '2020-06-24 22:25:00', '2020-06-24 12:25:00', 106.67800000, 106.68800000, 106.68300000, 106.70100000, 106.71100000, 106.70600000, 106.70900000, 106.71800000, 106.71350000, 106.66900000, 106.67800000, 106.67350000, 528, '2020-06-25 11:47:31'),
	(173, 'CS.D.USDJPY.MINI.IP', 'MINUTE_5', '2020-06-24 22:30:00', '2020-06-24 12:30:00', 106.70200000, 106.71200000, 106.70700000, 106.73500000, 106.74500000, 106.74000000, 106.75900000, 106.76900000, 106.76400000, 106.69500000, 106.70300000, 106.69900000, 642, '2020-06-25 11:47:31'),
	(174, 'CS.D.USDJPY.MINI.IP', 'MINUTE_5', '2020-06-24 22:35:00', '2020-06-24 12:35:00', 106.73700000, 106.74400000, 106.74050000, 106.73300000, 106.74000000, 106.73650000, 106.75300000, 106.76100000, 106.75700000, 106.72800000, 106.73600000, 106.73200000, 576, '2020-06-25 11:47:31'),
	(175, 'CS.D.USDJPY.MINI.IP', 'MINUTE_5', '2020-06-24 22:40:00', '2020-06-24 12:40:00', 106.73400000, 106.74100000, 106.73750000, 106.76000000, 106.77000000, 106.76500000, 106.77700000, 106.78700000, 106.78200000, 106.73200000, 106.73900000, 106.73550000, 543, '2020-06-25 11:47:31'),
	(176, 'CS.D.USDJPY.MINI.IP', 'MINUTE_5', '2020-06-24 22:45:00', '2020-06-24 12:45:00', 106.75900000, 106.76900000, 106.76400000, 106.78600000, 106.79600000, 106.79100000, 106.80100000, 106.81100000, 106.80600000, 106.75400000, 106.76400000, 106.75900000, 647, '2020-06-25 11:47:31'),
	(177, 'CS.D.USDJPY.MINI.IP', 'MINUTE_5', '2020-06-24 22:50:00', '2020-06-24 12:50:00', 106.78700000, 106.79700000, 106.79200000, 106.75100000, 106.76100000, 106.75600000, 106.79400000, 106.80400000, 106.79900000, 106.73000000, 106.73900000, 106.73450000, 590, '2020-06-25 11:47:32'),
	(178, 'CS.D.USDJPY.MINI.IP', 'MINUTE_5', '2020-06-24 22:55:00', '2020-06-24 12:55:00', 106.75300000, 106.76300000, 106.75800000, 106.75300000, 106.76300000, 106.75800000, 106.75800000, 106.76800000, 106.76300000, 106.72800000, 106.73800000, 106.73300000, 450, '2020-06-25 11:47:32'),
	(179, 'CS.D.USDJPY.MINI.IP', 'MINUTE_5', '2020-06-24 23:00:00', '2020-06-24 13:00:00', 106.75500000, 106.76500000, 106.76000000, 106.71900000, 106.72900000, 106.72400000, 106.77300000, 106.78300000, 106.77800000, 106.71200000, 106.72200000, 106.71700000, 701, '2020-06-25 11:47:32'),
	(180, 'CS.D.USDJPY.MINI.IP', 'MINUTE_5', '2020-06-24 23:05:00', '2020-06-24 13:05:00', 106.72000000, 106.73000000, 106.72500000, 106.71300000, 106.72300000, 106.71800000, 106.75900000, 106.76900000, 106.76400000, 106.70800000, 106.71700000, 106.71250000, 586, '2020-06-25 11:47:32'),
	(181, 'CS.D.USDJPY.MINI.IP', 'MINUTE_5', '2020-06-24 23:10:00', '2020-06-24 13:10:00', 106.71400000, 106.72400000, 106.71900000, 106.72200000, 106.72900000, 106.72550000, 106.73600000, 106.74600000, 106.74100000, 106.71000000, 106.71800000, 106.71400000, 551, '2020-06-25 11:47:33'),
	(182, 'CS.D.USDJPY.MINI.IP', 'MINUTE_5', '2020-06-24 23:15:00', '2020-06-24 13:15:00', 106.72000000, 106.72700000, 106.72350000, 106.74800000, 106.75800000, 106.75300000, 106.75700000, 106.76500000, 106.76100000, 106.71800000, 106.72500000, 106.72150000, 510, '2020-06-25 11:47:33'),
	(183, 'CS.D.USDJPY.MINI.IP', 'MINUTE_5', '2020-06-24 23:20:00', '2020-06-24 13:20:00', 106.74700000, 106.75700000, 106.75200000, 106.76500000, 106.77200000, 106.76850000, 106.78000000, 106.78900000, 106.78450000, 106.74700000, 106.75700000, 106.75200000, 598, '2020-06-25 11:47:33'),
	(184, 'CS.D.USDJPY.MINI.IP', 'MINUTE_5', '2020-06-24 23:25:00', '2020-06-24 13:25:00', 106.76700000, 106.77400000, 106.77050000, 106.76900000, 106.77900000, 106.77400000, 106.78500000, 106.79200000, 106.78850000, 106.76000000, 106.76900000, 106.76450000, 550, '2020-06-25 11:47:33'),
	(185, 'CS.D.USDJPY.MINI.IP', 'MINUTE_5', '2020-06-24 23:30:00', '2020-06-24 13:30:00', 106.76800000, 106.77800000, 106.77300000, 106.74100000, 106.75100000, 106.74600000, 106.79700000, 106.80400000, 106.80050000, 106.74100000, 106.75000000, 106.74550000, 687, '2020-06-25 11:47:34'),
	(186, 'CS.D.USDJPY.MINI.IP', 'MINUTE_5', '2020-06-24 23:35:00', '2020-06-24 13:35:00', 106.74300000, 106.75300000, 106.74800000, 106.74500000, 106.75500000, 106.75000000, 106.75800000, 106.76700000, 106.76250000, 106.70700000, 106.71600000, 106.71150000, 669, '2020-06-25 11:47:34'),
	(187, 'CS.D.USDJPY.MINI.IP', 'HOUR', '2020-06-25 11:00:00', '2020-06-25 01:00:00', 107.06500000, 107.07500000, 107.07000000, 107.08700000, 107.09700000, 107.09200000, 107.11000000, 107.11900000, 107.11450000, 107.04000000, 107.05000000, 107.04500000, 4981, '2020-06-25 16:24:51'),
	(188, 'CS.D.USDJPY.MINI.IP', 'HOUR', '2020-06-25 12:00:00', '2020-06-25 02:00:00', 107.09600000, 107.10600000, 107.10100000, 107.19300000, 107.20300000, 107.19800000, 107.25500000, 107.26500000, 107.26000000, 107.07100000, 107.07900000, 107.07500000, 4649, '2020-06-25 16:24:51'),
	(189, 'CS.D.USDJPY.MINI.IP', 'HOUR', '2020-06-25 13:00:00', '2020-06-25 03:00:00', 107.19400000, 107.20100000, 107.19750000, 107.24200000, 107.24900000, 107.24550000, 107.24800000, 107.25800000, 107.25300000, 107.16600000, 107.17500000, 107.17050000, 3727, '2020-06-25 16:24:51'),
	(190, 'CS.D.USDJPY.MINI.IP', 'HOUR', '2020-06-25 14:00:00', '2020-06-25 04:00:00', 107.24300000, 107.25000000, 107.24650000, 107.13100000, 107.14100000, 107.13600000, 107.25300000, 107.26300000, 107.25800000, 107.12600000, 107.13600000, 107.13100000, 3818, '2020-06-25 16:24:51'),
	(191, 'CS.D.USDJPY.MINI.IP', 'HOUR', '2020-06-25 15:00:00', '2020-06-25 05:00:00', 107.13200000, 107.14200000, 107.13700000, 107.16700000, 107.17700000, 107.17200000, 107.16700000, 107.17700000, 107.17200000, 107.13000000, 107.13900000, 107.13450000, 2735, '2020-06-25 16:24:52'),
	(192, 'CS.D.USDJPY.MINI.IP', 'MINUTE_5', '2020-06-24 23:40:00', '2020-06-24 13:40:00', 106.74700000, 106.75400000, 106.75050000, 106.71600000, 106.72300000, 106.71950000, 106.75500000, 106.76400000, 106.75950000, 106.71100000, 106.71900000, 106.71500000, 524, '2020-06-25 16:24:54'),
	(193, 'CS.D.USDJPY.MINI.IP', 'MINUTE_5', '2020-06-24 23:45:00', '2020-06-24 13:45:00', 106.71500000, 106.72200000, 106.71850000, 106.74100000, 106.75100000, 106.74600000, 106.75400000, 106.76300000, 106.75850000, 106.70800000, 106.71600000, 106.71200000, 590, '2020-06-25 16:24:54'),
	(194, 'CS.D.USDJPY.MINI.IP', 'MINUTE_5', '2020-06-24 23:50:00', '2020-06-24 13:50:00', 106.74300000, 106.75000000, 106.74650000, 106.77400000, 106.78400000, 106.77900000, 106.79700000, 106.80500000, 106.80100000, 106.72400000, 106.73400000, 106.72900000, 656, '2020-06-25 16:24:55'),
	(195, 'CS.D.USDJPY.MINI.IP', 'MINUTE_5', '2020-06-24 23:55:00', '2020-06-24 13:55:00', 106.77300000, 106.78300000, 106.77800000, 106.84800000, 106.85800000, 106.85300000, 106.89900000, 106.90900000, 106.90400000, 106.77300000, 106.78100000, 106.77700000, 872, '2020-06-25 16:24:55'),
	(196, 'CS.D.USDJPY.MINI.IP', 'MINUTE_5', '2020-06-25 00:00:00', '2020-06-24 14:00:00', 106.84700000, 106.85700000, 106.85200000, 106.89900000, 106.90900000, 106.90400000, 106.89900000, 106.90900000, 106.90400000, 106.84700000, 106.85700000, 106.85200000, 685, '2020-06-25 16:24:55'),
	(197, 'CS.D.USDJPY.MINI.IP', 'MINUTE_5', '2020-06-25 00:05:00', '2020-06-24 14:05:00', 106.89800000, 106.90800000, 106.90300000, 106.90700000, 106.91700000, 106.91200000, 106.93500000, 106.94500000, 106.94000000, 106.88900000, 106.89800000, 106.89350000, 755, '2020-06-25 16:24:55'),
	(198, 'CS.D.USDJPY.MINI.IP', 'MINUTE_5', '2020-06-25 00:10:00', '2020-06-24 14:10:00', 106.90900000, 106.91900000, 106.91400000, 106.88100000, 106.89100000, 106.88600000, 106.92000000, 106.93000000, 106.92500000, 106.86000000, 106.87000000, 106.86500000, 657, '2020-06-25 16:24:56'),
	(199, 'CS.D.USDJPY.MINI.IP', 'MINUTE_5', '2020-06-25 00:15:00', '2020-06-24 14:15:00', 106.87800000, 106.88800000, 106.88300000, 106.84800000, 106.85800000, 106.85300000, 106.87900000, 106.88900000, 106.88400000, 106.84800000, 106.85800000, 106.85300000, 541, '2020-06-25 16:24:56'),
	(200, 'CS.D.USDJPY.MINI.IP', 'MINUTE_5', '2020-06-25 00:20:00', '2020-06-24 14:20:00', 106.84900000, 106.85900000, 106.85400000, 106.83100000, 106.84100000, 106.83600000, 106.85400000, 106.86400000, 106.85900000, 106.81700000, 106.82700000, 106.82200000, 690, '2020-06-25 16:24:56'),
	(201, 'CS.D.USDJPY.MINI.IP', 'MINUTE_5', '2020-06-25 00:25:00', '2020-06-24 14:25:00', 106.83000000, 106.84000000, 106.83500000, 106.87600000, 106.88600000, 106.88100000, 106.88100000, 106.89100000, 106.88600000, 106.83000000, 106.84000000, 106.83500000, 646, '2020-06-25 16:24:56'),
	(202, 'CS.D.USDJPY.MINI.IP', 'MINUTE_5', '2020-06-25 00:30:00', '2020-06-24 14:30:00', 106.87500000, 106.88500000, 106.88000000, 106.93800000, 106.94500000, 106.94150000, 106.94900000, 106.95900000, 106.95400000, 106.85300000, 106.86100000, 106.85700000, 830, '2020-06-25 16:24:56'),
	(203, 'CS.D.USDJPY.MINI.IP', 'MINUTE_5', '2020-06-25 00:35:00', '2020-06-24 14:35:00', 106.93600000, 106.94600000, 106.94100000, 106.91400000, 106.92400000, 106.91900000, 106.96100000, 106.97100000, 106.96600000, 106.90700000, 106.91700000, 106.91200000, 839, '2020-06-25 16:24:57'),
	(204, 'CS.D.USDJPY.MINI.IP', 'MINUTE_5', '2020-06-25 00:40:00', '2020-06-24 14:40:00', 106.91500000, 106.92500000, 106.92000000, 106.94300000, 106.95300000, 106.94800000, 106.94900000, 106.95900000, 106.95400000, 106.89500000, 106.90500000, 106.90000000, 724, '2020-06-25 16:24:57'),
	(205, 'CS.D.USDJPY.MINI.IP', 'MINUTE_5', '2020-06-25 00:45:00', '2020-06-24 14:45:00', 106.94200000, 106.95200000, 106.94700000, 106.95000000, 106.96000000, 106.95500000, 106.95600000, 106.96600000, 106.96100000, 106.92300000, 106.93200000, 106.92750000, 592, '2020-06-25 16:24:57'),
	(206, 'CS.D.USDJPY.MINI.IP', 'MINUTE_5', '2020-06-25 00:50:00', '2020-06-24 14:50:00', 106.95100000, 106.96100000, 106.95600000, 106.92200000, 106.93200000, 106.92700000, 106.96000000, 106.97000000, 106.96500000, 106.89700000, 106.90500000, 106.90100000, 818, '2020-06-25 16:24:57'),
	(207, 'CS.D.USDJPY.MINI.IP', 'MINUTE_5', '2020-06-25 00:55:00', '2020-06-24 14:55:00', 106.92300000, 106.93300000, 106.92800000, 106.89200000, 106.90200000, 106.89700000, 106.95300000, 106.96300000, 106.95800000, 106.88900000, 106.89600000, 106.89250000, 848, '2020-06-25 16:24:58'),
	(208, 'CS.D.USDJPY.MINI.IP', 'MINUTE_5', '2020-06-25 01:00:00', '2020-06-24 15:00:00', 106.89300000, 106.90300000, 106.89800000, 106.86400000, 106.87400000, 106.86900000, 106.90400000, 106.91400000, 106.90900000, 106.86200000, 106.87200000, 106.86700000, 853, '2020-06-25 16:24:58'),
	(209, 'CS.D.USDJPY.MINI.IP', 'MINUTE_5', '2020-06-25 01:05:00', '2020-06-24 15:05:00', 106.86300000, 106.87300000, 106.86800000, 106.89800000, 106.90500000, 106.90150000, 106.89800000, 106.90700000, 106.90250000, 106.84000000, 106.85000000, 106.84500000, 688, '2020-06-25 16:24:58'),
	(210, 'CS.D.USDJPY.MINI.IP', 'MINUTE_5', '2020-06-25 01:10:00', '2020-06-24 15:10:00', 106.89700000, 106.90400000, 106.90050000, 106.95900000, 106.96900000, 106.96400000, 106.96200000, 106.97100000, 106.96650000, 106.89700000, 106.90400000, 106.90050000, 723, '2020-06-25 16:24:58'),
	(211, 'CS.D.USDJPY.MINI.IP', 'HOUR', '2020-06-25 16:00:00', '2020-06-25 06:00:00', 107.16900000, 107.17900000, 107.17400000, 107.17000000, 107.18000000, 107.17500000, 107.19500000, 107.20500000, 107.20000000, 107.10900000, 107.11700000, 107.11300000, 4931, '2020-06-25 17:14:45'),
	(212, 'CS.D.USDJPY.MINI.IP', 'MINUTE_5', '2020-06-25 01:15:00', '2020-06-24 15:15:00', 106.96000000, 106.96600000, 106.96300000, 106.96000000, 106.97000000, 106.96500000, 106.98000000, 106.98900000, 106.98450000, 106.95300000, 106.96300000, 106.95800000, 637, '2020-06-25 17:14:47'),
	(213, 'CS.D.USDJPY.MINI.IP', 'MINUTE_5', '2020-06-25 01:20:00', '2020-06-24 15:20:00', 106.95900000, 106.96900000, 106.96400000, 106.92800000, 106.93800000, 106.93300000, 106.96500000, 106.97500000, 106.97000000, 106.92000000, 106.92700000, 106.92350000, 754, '2020-06-25 17:14:47'),
	(214, 'CS.D.USDJPY.MINI.IP', 'MINUTE_5', '2020-06-25 01:25:00', '2020-06-24 15:25:00', 106.93100000, 106.94100000, 106.93600000, 106.90800000, 106.91800000, 106.91300000, 106.94200000, 106.95200000, 106.94700000, 106.88800000, 106.89500000, 106.89150000, 709, '2020-06-25 17:14:48'),
	(215, 'CS.D.USDJPY.MINI.IP', 'MINUTE_5', '2020-06-25 01:30:00', '2020-06-24 15:30:00', 106.90600000, 106.91600000, 106.91100000, 106.91300000, 106.92300000, 106.91800000, 106.93200000, 106.94200000, 106.93700000, 106.90100000, 106.91000000, 106.90550000, 528, '2020-06-25 17:14:48'),
	(216, 'CS.D.USDJPY.MINI.IP', 'MINUTE_5', '2020-06-25 01:35:00', '2020-06-24 15:35:00', 106.91400000, 106.92400000, 106.91900000, 106.88000000, 106.88700000, 106.88350000, 106.92400000, 106.93400000, 106.92900000, 106.87900000, 106.88600000, 106.88250000, 524, '2020-06-25 17:14:48'),
	(217, 'CS.D.USDJPY.MINI.IP', 'MINUTE_5', '2020-06-25 01:40:00', '2020-06-24 15:40:00', 106.88100000, 106.88800000, 106.88450000, 106.80400000, 106.81400000, 106.80900000, 106.88400000, 106.89100000, 106.88750000, 106.80300000, 106.81300000, 106.80800000, 773, '2020-06-25 17:14:48'),
	(218, 'CS.D.USDJPY.MINI.IP', 'MINUTE_5', '2020-06-25 01:45:00', '2020-06-24 15:45:00', 106.80500000, 106.81500000, 106.81000000, 106.81800000, 106.82800000, 106.82300000, 106.83700000, 106.84600000, 106.84150000, 106.78200000, 106.79200000, 106.78700000, 714, '2020-06-25 17:14:48'),
	(219, 'CS.D.USDJPY.MINI.IP', 'MINUTE_5', '2020-06-25 01:50:00', '2020-06-24 15:50:00', 106.81900000, 106.82900000, 106.82400000, 106.78900000, 106.79900000, 106.79400000, 106.82900000, 106.83600000, 106.83250000, 106.78200000, 106.79200000, 106.78700000, 632, '2020-06-25 17:14:49'),
	(220, 'CS.D.USDJPY.MINI.IP', 'MINUTE_5', '2020-06-25 01:55:00', '2020-06-24 15:55:00', 106.79000000, 106.80000000, 106.79500000, 106.82300000, 106.83000000, 106.82650000, 106.82900000, 106.83700000, 106.83300000, 106.78900000, 106.79900000, 106.79400000, 449, '2020-06-25 17:14:49'),
	(221, 'CS.D.USDJPY.MINI.IP', 'MINUTE_5', '2020-06-25 02:00:00', '2020-06-24 16:00:00', 106.82200000, 106.83200000, 106.82700000, 106.86300000, 106.87300000, 106.86800000, 106.86400000, 106.87400000, 106.86900000, 106.81600000, 106.82500000, 106.82050000, 585, '2020-06-25 17:14:49'),
	(222, 'CS.D.USDJPY.MINI.IP', 'MINUTE_5', '2020-06-25 02:05:00', '2020-06-24 16:05:00', 106.86000000, 106.87000000, 106.86500000, 106.88100000, 106.89100000, 106.88600000, 106.88800000, 106.89800000, 106.89300000, 106.85600000, 106.86600000, 106.86100000, 461, '2020-06-25 17:14:49'),
	(223, 'CS.D.USDJPY.MINI.IP', 'MINUTE_5', '2020-06-25 02:10:00', '2020-06-24 16:10:00', 106.88200000, 106.89200000, 106.88700000, 106.85300000, 106.86300000, 106.85800000, 106.89700000, 106.90600000, 106.90150000, 106.84700000, 106.85700000, 106.85200000, 496, '2020-06-25 17:14:50'),
	(224, 'CS.D.USDJPY.MINI.IP', 'MINUTE_5', '2020-06-25 02:15:00', '2020-06-24 16:15:00', 106.85400000, 106.86400000, 106.85900000, 106.83000000, 106.84000000, 106.83500000, 106.85400000, 106.86400000, 106.85900000, 106.81900000, 106.82900000, 106.82400000, 460, '2020-06-25 17:14:50'),
	(225, 'CS.D.USDJPY.MINI.IP', 'MINUTE_5', '2020-06-25 02:20:00', '2020-06-24 16:20:00', 106.83300000, 106.84300000, 106.83800000, 106.84100000, 106.85100000, 106.84600000, 106.84100000, 106.85100000, 106.84600000, 106.81200000, 106.82200000, 106.81700000, 355, '2020-06-25 17:14:50'),
	(226, 'CS.D.USDJPY.MINI.IP', 'MINUTE_5', '2020-06-25 02:25:00', '2020-06-24 16:25:00', 106.84000000, 106.85000000, 106.84500000, 106.82000000, 106.83000000, 106.82500000, 106.85200000, 106.86200000, 106.85700000, 106.81500000, 106.82500000, 106.82000000, 367, '2020-06-25 17:14:50'),
	(227, 'CS.D.USDJPY.MINI.IP', 'MINUTE_5', '2020-06-25 02:30:00', '2020-06-24 16:30:00', 106.82100000, 106.83100000, 106.82600000, 106.84300000, 106.85300000, 106.84800000, 106.85100000, 106.86100000, 106.85600000, 106.81500000, 106.82500000, 106.82000000, 406, '2020-06-25 17:14:50'),
	(228, 'CS.D.USDJPY.MINI.IP', 'MINUTE_5', '2020-06-25 02:35:00', '2020-06-24 16:35:00', 106.84200000, 106.85200000, 106.84700000, 106.84600000, 106.85600000, 106.85100000, 106.85400000, 106.86200000, 106.85800000, 106.82400000, 106.83400000, 106.82900000, 390, '2020-06-25 17:14:51'),
	(229, 'CS.D.USDJPY.MINI.IP', 'MINUTE_5', '2020-06-25 02:40:00', '2020-06-24 16:40:00', 106.84700000, 106.85700000, 106.85200000, 106.82200000, 106.83200000, 106.82700000, 106.84800000, 106.85700000, 106.85250000, 106.81900000, 106.82900000, 106.82400000, 284, '2020-06-25 17:14:51'),
	(230, 'CS.D.USDJPY.MINI.IP', 'MINUTE_5', '2020-06-25 02:45:00', '2020-06-24 16:45:00', 106.81900000, 106.82900000, 106.82400000, 106.84600000, 106.85600000, 106.85100000, 106.84900000, 106.85900000, 106.85400000, 106.81700000, 106.82700000, 106.82200000, 366, '2020-06-25 17:14:51'),
	(231, 'CS.D.USDJPY.MINI.IP', 'MINUTE_5', '2020-06-25 02:50:00', '2020-06-24 16:50:00', 106.84500000, 106.85500000, 106.85000000, 106.82900000, 106.83900000, 106.83400000, 106.84800000, 106.85800000, 106.85300000, 106.81900000, 106.82800000, 106.82350000, 288, '2020-06-25 17:16:12'),
	(232, 'CS.D.USDJPY.MINI.IP', 'MINUTE_5', '2020-06-25 02:55:00', '2020-06-24 16:55:00', 106.83000000, 106.84000000, 106.83500000, 106.82500000, 106.83500000, 106.83000000, 106.86300000, 106.87000000, 106.86650000, 106.82400000, 106.83400000, 106.82900000, 455, '2020-06-25 17:16:12'),
	(233, 'CS.D.USDJPY.MINI.IP', 'MINUTE_5', '2020-06-25 03:00:00', '2020-06-24 17:00:00', 106.82400000, 106.83400000, 106.82900000, 106.82600000, 106.83600000, 106.83100000, 106.85500000, 106.86400000, 106.85950000, 106.82400000, 106.83200000, 106.82800000, 466, '2020-06-25 17:16:12'),
	(234, 'CS.D.USDJPY.MINI.IP', 'MINUTE_5', '2020-06-25 03:05:00', '2020-06-24 17:05:00', 106.82500000, 106.83500000, 106.83000000, 106.83200000, 106.84200000, 106.83700000, 106.83800000, 106.84700000, 106.84250000, 106.81400000, 106.82300000, 106.81850000, 284, '2020-06-25 17:16:12'),
	(235, 'CS.D.USDJPY.MINI.IP', 'MINUTE_5', '2020-06-25 03:10:00', '2020-06-24 17:10:00', 106.83100000, 106.84100000, 106.83600000, 106.83200000, 106.84200000, 106.83700000, 106.84300000, 106.85000000, 106.84650000, 106.82500000, 106.83500000, 106.83000000, 262, '2020-06-25 17:16:13'),
	(236, 'CS.D.USDJPY.MINI.IP', 'MINUTE_5', '2020-06-25 03:15:00', '2020-06-24 17:15:00', 106.83300000, 106.84300000, 106.83800000, 106.83300000, 106.84300000, 106.83800000, 106.84500000, 106.85400000, 106.84950000, 106.82000000, 106.83000000, 106.82500000, 395, '2020-06-25 17:16:13'),
	(237, 'CS.D.USDJPY.MINI.IP', 'MINUTE_5', '2020-06-25 03:20:00', '2020-06-24 17:20:00', 106.83400000, 106.84400000, 106.83900000, 106.85200000, 106.86200000, 106.85700000, 106.85500000, 106.86400000, 106.85950000, 106.83400000, 106.84400000, 106.83900000, 357, '2020-06-25 17:16:13'),
	(238, 'CS.D.USDJPY.MINI.IP', 'MINUTE_5', '2020-06-25 03:25:00', '2020-06-24 17:25:00', 106.85100000, 106.86100000, 106.85600000, 106.87800000, 106.88800000, 106.88300000, 106.88200000, 106.89100000, 106.88650000, 106.84800000, 106.85700000, 106.85250000, 341, '2020-06-25 17:16:13'),
	(239, 'CS.D.USDJPY.MINI.IP', 'MINUTE_5', '2020-06-25 03:30:00', '2020-06-24 17:30:00', 106.87900000, 106.88900000, 106.88400000, 106.90600000, 106.91600000, 106.91100000, 106.90800000, 106.91700000, 106.91250000, 106.87900000, 106.88600000, 106.88250000, 301, '2020-06-25 17:16:14'),
	(240, 'CS.D.USDJPY.MINI.IP', 'MINUTE_5', '2020-06-25 03:35:00', '2020-06-24 17:35:00', 106.90700000, 106.91700000, 106.91200000, 106.89800000, 106.90800000, 106.90300000, 106.91600000, 106.92600000, 106.92100000, 106.89300000, 106.90100000, 106.89700000, 312, '2020-06-25 17:16:14'),
	(241, 'CS.D.USDJPY.MINI.IP', 'MINUTE_5', '2020-06-25 03:40:00', '2020-06-24 17:40:00', 106.89900000, 106.90900000, 106.90400000, 106.88300000, 106.89300000, 106.88800000, 106.91500000, 106.92200000, 106.91850000, 106.87400000, 106.88200000, 106.87800000, 413, '2020-06-25 17:16:14'),
	(242, 'CS.D.USDJPY.MINI.IP', 'MINUTE_5', '2020-06-25 03:45:00', '2020-06-24 17:45:00', 106.88200000, 106.89200000, 106.88700000, 106.86900000, 106.87900000, 106.87400000, 106.88900000, 106.89800000, 106.89350000, 106.86700000, 106.87600000, 106.87150000, 332, '2020-06-25 17:16:14'),
	(243, 'CS.D.USDJPY.MINI.IP', 'MINUTE_5', '2020-06-25 03:50:00', '2020-06-24 17:50:00', 106.87000000, 106.88000000, 106.87500000, 106.88300000, 106.89000000, 106.88650000, 106.88400000, 106.89400000, 106.88900000, 106.86600000, 106.87400000, 106.87000000, 335, '2020-06-25 17:16:14'),
	(244, 'CS.D.USDJPY.MINI.IP', 'MINUTE_5', '2020-06-25 03:55:00', '2020-06-24 17:55:00', 106.88000000, 106.88900000, 106.88450000, 106.91300000, 106.92000000, 106.91650000, 106.91500000, 106.92400000, 106.91950000, 106.88000000, 106.88900000, 106.88450000, 269, '2020-06-25 17:16:15'),
	(245, 'CS.D.USDJPY.MINI.IP', 'MINUTE_5', '2020-06-25 04:00:00', '2020-06-24 18:00:00', 106.91400000, 106.92100000, 106.91750000, 106.92200000, 106.93200000, 106.92700000, 106.92300000, 106.93200000, 106.92750000, 106.89800000, 106.90600000, 106.90200000, 448, '2020-06-25 17:16:15'),
	(246, 'CS.D.USDJPY.MINI.IP', 'MINUTE_5', '2020-06-25 04:05:00', '2020-06-24 18:05:00', 106.92300000, 106.93000000, 106.92650000, 106.91200000, 106.92200000, 106.91700000, 106.92600000, 106.93300000, 106.92950000, 106.89100000, 106.90100000, 106.89600000, 373, '2020-06-25 17:16:15'),
	(247, 'CS.D.USDJPY.MINI.IP', 'MINUTE_5', '2020-06-25 04:10:00', '2020-06-24 18:10:00', 106.91100000, 106.92100000, 106.91600000, 106.91600000, 106.92600000, 106.92100000, 106.92000000, 106.93000000, 106.92500000, 106.90100000, 106.90900000, 106.90500000, 230, '2020-06-25 17:16:15'),
	(248, 'CS.D.USDJPY.MINI.IP', 'MINUTE_5', '2020-06-25 04:15:00', '2020-06-24 18:15:00', 106.91500000, 106.92500000, 106.92000000, 106.89400000, 106.90400000, 106.89900000, 106.91600000, 106.92600000, 106.92100000, 106.89300000, 106.90200000, 106.89750000, 336, '2020-06-25 17:16:16'),
	(249, 'CS.D.USDJPY.MINI.IP', 'MINUTE_5', '2020-06-25 04:20:00', '2020-06-24 18:20:00', 106.89500000, 106.90500000, 106.90000000, 106.90400000, 106.91100000, 106.90750000, 106.91900000, 106.92900000, 106.92400000, 106.89200000, 106.90000000, 106.89600000, 333, '2020-06-25 17:16:16'),
	(250, 'CS.D.USDJPY.MINI.IP', 'MINUTE_5', '2020-06-25 04:25:00', '2020-06-24 18:25:00', 106.90300000, 106.91300000, 106.90800000, 106.91100000, 106.92100000, 106.91600000, 106.92400000, 106.93200000, 106.92800000, 106.90200000, 106.91200000, 106.90700000, 254, '2020-06-25 17:19:29'),
	(251, 'CS.D.USDJPY.MINI.IP', 'MINUTE_5', '2020-06-25 04:30:00', '2020-06-24 18:30:00', 106.91200000, 106.92200000, 106.91700000, 106.91900000, 106.92600000, 106.92250000, 106.91900000, 106.92600000, 106.92250000, 106.90600000, 106.91300000, 106.90950000, 193, '2020-06-25 17:19:29'),
	(252, 'CS.D.USDJPY.MINI.IP', 'MINUTE_5', '2020-06-25 04:35:00', '2020-06-24 18:35:00', 106.91800000, 106.92500000, 106.92150000, 106.92700000, 106.93700000, 106.93200000, 106.92800000, 106.93700000, 106.93250000, 106.91600000, 106.92400000, 106.92000000, 275, '2020-06-25 17:19:29'),
	(253, 'CS.D.USDJPY.MINI.IP', 'MINUTE_5', '2020-06-25 04:40:00', '2020-06-24 18:40:00', 106.92600000, 106.93600000, 106.93100000, 106.92800000, 106.93500000, 106.93150000, 106.93500000, 106.94200000, 106.93850000, 106.92400000, 106.93200000, 106.92800000, 289, '2020-06-25 17:19:30'),
	(254, 'CS.D.USDJPY.MINI.IP', 'MINUTE_5', '2020-06-25 04:45:00', '2020-06-24 18:45:00', 106.92700000, 106.93400000, 106.93050000, 106.93800000, 106.94500000, 106.94150000, 106.94000000, 106.94800000, 106.94400000, 106.92400000, 106.93200000, 106.92800000, 246, '2020-06-25 17:19:30'),
	(255, 'CS.D.USDJPY.MINI.IP', 'MINUTE_5', '2020-06-25 04:50:00', '2020-06-24 18:50:00', 106.93700000, 106.94400000, 106.94050000, 106.94200000, 106.94900000, 106.94550000, 106.94600000, 106.95300000, 106.94950000, 106.93500000, 106.94400000, 106.93950000, 187, '2020-06-25 17:19:30'),
	(256, 'CS.D.USDJPY.MINI.IP', 'MINUTE_5', '2020-06-25 04:55:00', '2020-06-24 18:55:00', 106.94300000, 106.95000000, 106.94650000, 106.93700000, 106.94400000, 106.94050000, 106.94500000, 106.95200000, 106.94850000, 106.92700000, 106.93700000, 106.93200000, 314, '2020-06-25 17:19:30'),
	(257, 'CS.D.USDJPY.MINI.IP', 'MINUTE_5', '2020-06-25 05:00:00', '2020-06-24 19:00:00', 106.94000000, 106.94700000, 106.94350000, 106.94900000, 106.95900000, 106.95400000, 106.95100000, 106.96100000, 106.95600000, 106.93800000, 106.94600000, 106.94200000, 362, '2020-06-25 17:19:31'),
	(258, 'CS.D.USDJPY.MINI.IP', 'MINUTE_5', '2020-06-25 05:05:00', '2020-06-24 19:05:00', 106.95000000, 106.96000000, 106.95500000, 106.98200000, 106.98900000, 106.98550000, 107.00700000, 107.01600000, 107.01150000, 106.94700000, 106.95600000, 106.95150000, 402, '2020-06-25 17:19:31'),
	(259, 'CS.D.USDJPY.MINI.IP', 'MINUTE_5', '2020-06-25 05:10:00', '2020-06-24 19:10:00', 106.98100000, 106.98800000, 106.98450000, 106.98700000, 106.99700000, 106.99200000, 106.99400000, 107.00100000, 106.99750000, 106.96900000, 106.97900000, 106.97400000, 319, '2020-06-25 17:19:31'),
	(260, 'CS.D.USDJPY.MINI.IP', 'MINUTE_5', '2020-06-25 05:15:00', '2020-06-24 19:15:00', 106.98300000, 106.99300000, 106.98800000, 106.98100000, 106.99100000, 106.98600000, 107.00300000, 107.01200000, 107.00750000, 106.97400000, 106.98100000, 106.97750000, 384, '2020-06-25 17:19:31'),
	(261, 'CS.D.USDJPY.MINI.IP', 'MINUTE_5', '2020-06-25 05:20:00', '2020-06-24 19:20:00', 106.98200000, 106.99200000, 106.98700000, 106.96800000, 106.97500000, 106.97150000, 106.98200000, 106.99200000, 106.98700000, 106.96400000, 106.97100000, 106.96750000, 242, '2020-06-25 17:19:31'),
	(262, 'CS.D.USDJPY.MINI.IP', 'MINUTE_5', '2020-06-25 05:25:00', '2020-06-24 19:25:00', 106.96900000, 106.97600000, 106.97250000, 106.95400000, 106.96100000, 106.95750000, 106.96900000, 106.97600000, 106.97250000, 106.94700000, 106.95600000, 106.95150000, 211, '2020-06-25 17:19:32'),
	(263, 'CS.D.USDJPY.MINI.IP', 'MINUTE_5', '2020-06-25 05:30:00', '2020-06-24 19:30:00', 106.95300000, 106.96000000, 106.95650000, 106.94400000, 106.95100000, 106.94750000, 106.97400000, 106.98300000, 106.97850000, 106.94300000, 106.95000000, 106.94650000, 314, '2020-06-25 17:19:32'),
	(264, 'CS.D.USDJPY.MINI.IP', 'MINUTE_5', '2020-06-25 05:35:00', '2020-06-24 19:35:00', 106.94300000, 106.95000000, 106.94650000, 106.94700000, 106.95400000, 106.95050000, 106.96100000, 106.97000000, 106.96550000, 106.93600000, 106.94500000, 106.94050000, 292, '2020-06-25 17:19:32'),
	(265, 'CS.D.USDJPY.MINI.IP', 'MINUTE_5', '2020-06-25 05:40:00', '2020-06-24 19:40:00', 106.94800000, 106.95500000, 106.95150000, 106.96600000, 106.97600000, 106.97100000, 106.96700000, 106.97700000, 106.97200000, 106.93300000, 106.94300000, 106.93800000, 281, '2020-06-25 17:19:32'),
	(266, 'CS.D.USDJPY.MINI.IP', 'MINUTE_5', '2020-06-25 05:45:00', '2020-06-24 19:45:00', 106.96500000, 106.97500000, 106.97000000, 106.95800000, 106.96800000, 106.96300000, 106.97100000, 106.98100000, 106.97600000, 106.94900000, 106.95900000, 106.95400000, 278, '2020-06-25 17:19:32'),
	(267, 'CS.D.USDJPY.MINI.IP', 'MINUTE_5', '2020-06-25 05:50:00', '2020-06-24 19:50:00', 106.95700000, 106.96700000, 106.96200000, 106.97800000, 106.98500000, 106.98150000, 106.98500000, 106.99500000, 106.99000000, 106.94800000, 106.95800000, 106.95300000, 427, '2020-06-25 17:19:33'),
	(268, 'CS.D.USDJPY.MINI.IP', 'MINUTE_5', '2020-06-25 05:55:00', '2020-06-24 19:55:00', 106.97600000, 106.98600000, 106.98100000, 107.01900000, 107.02900000, 107.02400000, 107.02600000, 107.03400000, 107.03000000, 106.97200000, 106.97900000, 106.97550000, 430, '2020-06-25 17:19:33'),
	(269, 'CS.D.USDJPY.MINI.IP', 'HOUR', '2020-06-25 17:00:00', '2020-06-25 07:00:00', 107.16900000, 107.17900000, 107.17400000, 107.10600000, 107.11600000, 107.11100000, 107.20300000, 107.21100000, 107.20700000, 107.04600000, 107.05300000, 107.04950000, 6708, '2020-06-25 18:10:03'),
	(270, 'CS.D.USDJPY.MINI.IP', 'MINUTE_5', '2020-06-25 06:00:00', '2020-06-24 20:00:00', 107.01800000, 107.02800000, 107.02300000, 107.03400000, 107.04400000, 107.03900000, 107.03500000, 107.04400000, 107.03950000, 106.99900000, 107.00700000, 107.00300000, 379, '2020-06-25 18:10:04'),
	(271, 'CS.D.USDJPY.MINI.IP', 'MINUTE_5', '2020-06-25 06:05:00', '2020-06-24 20:05:00', 107.03300000, 107.04300000, 107.03800000, 107.05900000, 107.06600000, 107.06250000, 107.05900000, 107.06700000, 107.06300000, 107.02700000, 107.03600000, 107.03150000, 326, '2020-06-25 18:10:04'),
	(272, 'CS.D.USDJPY.MINI.IP', 'MINUTE_5', '2020-06-25 06:10:00', '2020-06-24 20:10:00', 107.05800000, 107.06500000, 107.06150000, 107.05500000, 107.06500000, 107.06000000, 107.06500000, 107.07500000, 107.07000000, 107.05000000, 107.05900000, 107.05450000, 267, '2020-06-25 18:10:04'),
	(273, 'CS.D.USDJPY.MINI.IP', 'MINUTE_5', '2020-06-25 06:15:00', '2020-06-24 20:15:00', 107.05600000, 107.06600000, 107.06100000, 107.05800000, 107.06800000, 107.06300000, 107.06300000, 107.07200000, 107.06750000, 107.05500000, 107.06400000, 107.05950000, 217, '2020-06-25 18:10:04'),
	(274, 'CS.D.USDJPY.MINI.IP', 'MINUTE_5', '2020-06-25 06:20:00', '2020-06-24 20:20:00', 107.05700000, 107.06700000, 107.06200000, 107.05100000, 107.05800000, 107.05450000, 107.05800000, 107.06800000, 107.06300000, 107.04700000, 107.05700000, 107.05200000, 196, '2020-06-25 18:10:04'),
	(275, 'CS.D.USDJPY.MINI.IP', 'MINUTE_5', '2020-06-25 06:25:00', '2020-06-24 20:25:00', 107.05000000, 107.06000000, 107.05500000, 107.05500000, 107.06500000, 107.06000000, 107.05600000, 107.06600000, 107.06100000, 107.04300000, 107.05300000, 107.04800000, 237, '2020-06-25 18:10:04'),
	(276, 'CS.D.USDJPY.MINI.IP', 'MINUTE_5', '2020-06-25 06:30:00', '2020-06-24 20:30:00', 107.05200000, 107.06200000, 107.05700000, 107.04800000, 107.05800000, 107.05300000, 107.05400000, 107.06400000, 107.05900000, 107.04500000, 107.05400000, 107.04950000, 142, '2020-06-25 18:10:04'),
	(277, 'CS.D.USDJPY.MINI.IP', 'MINUTE_5', '2020-06-25 06:35:00', '2020-06-24 20:35:00', 107.04700000, 107.05700000, 107.05200000, 107.06300000, 107.07300000, 107.06800000, 107.06600000, 107.07500000, 107.07050000, 107.04400000, 107.05200000, 107.04800000, 163, '2020-06-25 18:10:04'),
	(278, 'CS.D.USDJPY.MINI.IP', 'MINUTE_5', '2020-06-25 06:40:00', '2020-06-24 20:40:00', 107.06200000, 107.07200000, 107.06700000, 107.06600000, 107.07600000, 107.07100000, 107.06700000, 107.07700000, 107.07200000, 107.05800000, 107.06800000, 107.06300000, 151, '2020-06-25 18:10:04'),
	(279, 'CS.D.USDJPY.MINI.IP', 'MINUTE_5', '2020-06-25 06:45:00', '2020-06-24 20:45:00', 107.06500000, 107.07500000, 107.07000000, 107.06000000, 107.07000000, 107.06500000, 107.06500000, 107.07500000, 107.07000000, 107.05200000, 107.06200000, 107.05700000, 193, '2020-06-25 18:10:04'),
	(280, 'CS.D.USDJPY.MINI.IP', 'MINUTE_5', '2020-06-25 06:50:00', '2020-06-24 20:50:00', 107.06100000, 107.07100000, 107.06600000, 107.05700000, 107.06700000, 107.06200000, 107.06100000, 107.07100000, 107.06600000, 107.04600000, 107.05600000, 107.05100000, 275, '2020-06-25 18:10:04'),
	(281, 'CS.D.USDJPY.MINI.IP', 'MINUTE_5', '2020-06-25 06:55:00', '2020-06-24 20:55:00', 107.05600000, 107.06600000, 107.06100000, 107.03900000, 107.04900000, 107.04400000, 107.05600000, 107.06700000, 107.06150000, 107.02600000, 107.03600000, 107.03100000, 575, '2020-06-25 18:10:04'),
	(282, 'CS.D.USDJPY.MINI.IP', 'MINUTE_5', '2020-06-25 07:00:00', '2020-06-24 21:00:00', 107.03500000, 107.05300000, 107.04400000, 107.04300000, 107.07600000, 107.05950000, 107.04900000, 107.08100000, 107.06500000, 106.92700000, 106.98700000, 106.95700000, 84, '2020-06-25 18:10:04'),
	(283, 'CS.D.USDJPY.MINI.IP', 'MINUTE_5', '2020-06-25 07:05:00', '2020-06-24 21:05:00', 107.04200000, 107.07200000, 107.05700000, 107.03700000, 107.06400000, 107.05050000, 107.05100000, 107.08100000, 107.06600000, 107.02000000, 107.05800000, 107.03900000, 734, '2020-06-25 18:10:04'),
	(284, 'CS.D.USDJPY.MINI.IP', 'MINUTE_5', '2020-06-25 07:10:00', '2020-06-24 21:10:00', 107.03800000, 107.06300000, 107.05050000, 107.04100000, 107.06400000, 107.05250000, 107.05000000, 107.07100000, 107.06050000, 107.03300000, 107.05500000, 107.04400000, 411, '2020-06-25 18:10:04'),
	(285, 'CS.D.USDJPY.MINI.IP', 'MINUTE_5', '2020-06-25 07:15:00', '2020-06-24 21:15:00', 107.04000000, 107.06500000, 107.05250000, 107.04400000, 107.05900000, 107.05150000, 107.04800000, 107.08000000, 107.06400000, 106.96800000, 107.02800000, 106.99800000, 489, '2020-06-25 18:10:04'),
	(286, 'CS.D.USDJPY.MINI.IP', 'MINUTE_5', '2020-06-25 07:20:00', '2020-06-24 21:20:00', 107.04300000, 107.06000000, 107.05150000, 107.04400000, 107.06700000, 107.05550000, 107.05000000, 107.06800000, 107.05900000, 107.03700000, 107.05400000, 107.04550000, 266, '2020-06-25 18:10:04'),
	(287, 'CS.D.USDJPY.MINI.IP', 'MINUTE_5', '2020-06-25 07:25:00', '2020-06-24 21:25:00', 107.04300000, 107.05900000, 107.05100000, 107.04000000, 107.07600000, 107.05800000, 107.05200000, 107.08400000, 107.06800000, 106.93800000, 106.99800000, 106.96800000, 572, '2020-06-25 18:10:04'),
	(288, 'CS.D.USDJPY.MINI.IP', 'MINUTE_5', '2020-06-25 07:30:00', '2020-06-24 21:30:00', 107.03800000, 107.07500000, 107.05650000, 107.04300000, 107.07300000, 107.05800000, 107.04600000, 107.08000000, 107.06300000, 106.96900000, 107.02900000, 106.99900000, 682, '2020-06-25 18:10:04');
/*!40000 ALTER TABLE `price` ENABLE KEYS */;

-- Dumping structure for table ig.price_analysis
DROP TABLE IF EXISTS `price_analysis`;
CREATE TABLE IF NOT EXISTS `price_analysis` (
  `price_analysis_id` bigint(20) unsigned NOT NULL AUTO_INCREMENT,
  `price_id_fk` bigint(20) unsigned DEFAULT NULL,
  `ema_22` decimal(18,8) unsigned DEFAULT NULL,
  PRIMARY KEY (`price_analysis_id`),
  KEY `price_id_fk` (`price_id_fk`),
  CONSTRAINT `FK_analysis_price` FOREIGN KEY (`price_id_fk`) REFERENCES `price` (`price_id`) ON DELETE CASCADE ON UPDATE CASCADE
) ENGINE=InnoDB AUTO_INCREMENT=285 DEFAULT CHARSET=utf8mb4;

-- Dumping data for table ig.price_analysis: ~264 rows (approximately)
DELETE FROM `price_analysis`;
/*!40000 ALTER TABLE `price_analysis` DISABLE KEYS */;
INSERT INTO `price_analysis` (`price_analysis_id`, `price_id_fk`, `ema_22`) VALUES
	(3, 7, 106.51345257),
	(4, 8, 106.48372727),
	(5, 9, 106.51070000),
	(6, 10, 106.50396667),
	(7, 11, NULL),
	(8, 12, NULL),
	(9, 13, NULL),
	(10, 14, NULL),
	(11, 15, 106.46650000),
	(12, 16, 106.47100000),
	(13, 17, 106.47066667),
	(14, 18, 106.46444444),
	(15, 19, 106.45762963),
	(16, 20, 106.45641975),
	(17, 21, 106.45627984),
	(18, 22, 106.44818656),
	(19, 23, 106.45012437),
	(20, 24, 106.45541625),
	(21, 25, 106.46294417),
	(22, 26, 106.47329611),
	(23, 27, 106.48619741),
	(24, 28, 106.50546494),
	(25, 29, 106.50764329),
	(26, 30, 106.51242886),
	(27, 31, NULL),
	(28, 32, NULL),
	(29, 33, NULL),
	(30, 34, NULL),
	(31, 35, 106.47720000),
	(32, 36, 106.49280000),
	(33, 37, 106.48875099),
	(34, 38, 106.49459873),
	(35, 39, 106.50063362),
	(36, 40, 106.50631765),
	(37, 41, 106.51059438),
	(38, 42, 106.51349922),
	(39, 43, 106.51493407),
	(40, 44, 106.51380937),
	(41, 45, 106.51404333),
	(42, 46, 106.51656130),
	(43, 47, 106.51903423),
	(44, 48, 106.51968343),
	(45, 49, 106.52179792),
	(46, 50, 106.52520679),
	(47, 51, 106.52736272),
	(48, 52, 106.52893988),
	(49, 53, 106.53116250),
	(50, 54, 106.53297445),
	(51, 55, 106.53354189),
	(52, 56, 106.51347778),
	(53, 57, 106.51815185),
	(54, 58, 106.53660123),
	(55, 59, 106.54473416),
	(56, 60, 106.56048944),
	(57, 61, 106.53432086),
	(58, 62, 106.53607557),
	(59, 63, 106.53850378),
	(60, 64, 106.54137302),
	(61, 65, 106.54425362),
	(62, 66, 106.54666635),
	(63, 67, 106.54652145),
	(64, 68, 106.54734567),
	(65, 69, 106.55014170),
	(66, 70, 106.55212938),
	(67, 71, 106.55363987),
	(68, 72, 106.55523640),
	(69, 73, 106.55821584),
	(70, 74, 106.55984925),
	(71, 75, 106.56168845),
	(72, 76, 106.56393293),
	(73, 77, 106.56359093),
	(74, 78, 106.56540911),
	(75, 79, 106.56611267),
	(76, 80, 106.56814635),
	(77, 81, 106.57087275),
	(78, 82, 106.57349252),
	(79, 83, 106.57497143),
	(80, 84, 106.57545217),
	(81, 85, 106.57523894),
	(82, 86, 106.57639208),
	(83, 87, 106.57683624),
	(84, 88, 106.57837222),
	(85, 89, 106.57947029),
	(86, 90, 106.58247287),
	(87, 91, 106.58664914),
	(88, 92, 106.58876661),
	(89, 93, 106.59017821),
	(90, 94, 106.59264097),
	(91, 95, 106.59615045),
	(92, 96, 106.59896346),
	(93, 97, 106.59992316),
	(94, 98, 106.59888636),
	(95, 99, 106.60150494),
	(96, 100, 106.60233060),
	(97, 101, 106.60238881),
	(98, 102, 106.59965934),
	(99, 103, 106.59116723),
	(100, 104, 106.58502225),
	(101, 105, 106.57862901),
	(102, 106, 106.57457431),
	(103, 107, 106.57122003),
	(104, 108, 106.57037481),
	(105, 109, 106.56955961),
	(106, 110, 106.56681529),
	(107, 111, 106.56117918),
	(108, 112, 106.55612012),
	(109, 113, 106.55345750),
	(110, 114, 106.55202641),
	(111, 115, 106.55054586),
	(112, 116, 106.54597665),
	(113, 117, 106.54467433),
	(114, 118, 106.54396352),
	(115, 119, 106.54431452),
	(116, 120, 106.54298282),
	(117, 121, 106.54063649),
	(118, 122, 106.53918984),
	(119, 123, 106.53821681),
	(120, 124, 106.53685013),
	(121, 125, 106.53447186),
	(122, 126, 106.53025691),
	(123, 127, 106.52766936),
	(124, 128, 106.52769811),
	(125, 129, 106.52607219),
	(126, 130, 106.52332678),
	(127, 131, 106.52208097),
	(128, 132, 106.57432629),
	(129, 133, 106.55788419),
	(130, 134, 106.54158946),
	(131, 135, 106.53772631),
	(132, 136, 106.55681754),
	(133, 137, 106.62454503),
	(134, 138, 106.70036335),
	(135, 139, 106.76624223),
	(136, 140, 106.59777273),
	(137, 141, 106.62548814),
	(138, 142, 106.65288048),
	(139, 143, 106.68515174),
	(140, 144, 106.71635594),
	(141, 145, 106.74393368),
	(142, 146, 106.77089597),
	(143, 147, 106.79355719),
	(144, 148, 106.81750874),
	(145, 149, 106.52076958),
	(146, 150, 106.51905049),
	(147, 151, 106.52000262),
	(148, 152, 106.52052413),
	(149, 153, 106.52234812),
	(150, 154, 106.52310046),
	(151, 155, 106.52213520),
	(152, 156, 106.52321040),
	(153, 157, 106.52275732),
	(154, 158, 106.52243060),
	(155, 159, 106.52256707),
	(156, 160, 106.52164819),
	(157, 161, 106.52254835),
	(158, 162, 106.52332675),
	(159, 163, 106.52455921),
	(160, 164, 106.52603232),
	(161, 165, 106.53050777),
	(162, 166, 106.53602884),
	(163, 167, 106.54011328),
	(164, 168, 106.54584256),
	(165, 169, 106.55268234),
	(166, 170, 106.56749257),
	(167, 171, 106.57744974),
	(168, 172, 106.58862802),
	(169, 173, 106.60179080),
	(170, 174, 106.61350465),
	(171, 175, 106.62667816),
	(172, 176, 106.64096701),
	(173, 177, 106.65096988),
	(174, 178, 106.66027685),
	(175, 179, 106.66581799),
	(176, 180, 106.67035556),
	(177, 181, 106.67515073),
	(178, 182, 106.68192023),
	(179, 183, 106.68944890),
	(180, 184, 106.69680117),
	(181, 185, 106.70107933),
	(182, 186, 106.70533330),
	(183, 187, 106.84137754),
	(184, 188, 106.87238819),
	(185, 189, 106.90483270),
	(186, 190, 106.92493420),
	(187, 191, 106.94641818),
	(188, 192, 106.70656519),
	(189, 193, 106.70999430),
	(190, 194, 106.71599480),
	(191, 195, 106.72790829),
	(192, 196, 106.74322062),
	(193, 197, 106.75789709),
	(194, 198, 106.76903647),
	(195, 199, 106.77633765),
	(196, 200, 106.78152568),
	(197, 201, 106.79017562),
	(198, 202, 106.80333426),
	(199, 203, 106.81339215),
	(200, 204, 106.82509718),
	(201, 205, 106.83639308),
	(202, 206, 106.84427194),
	(203, 207, 106.84885699),
	(204, 208, 106.85060856),
	(205, 209, 106.85503390),
	(206, 210, 106.86450921),
	(207, 211, 106.96629486),
	(208, 212, 106.87324754),
	(209, 213, 106.87844341),
	(210, 214, 106.88144833),
	(211, 215, 106.88462673),
	(212, 216, 106.88452876),
	(213, 217, 106.87796104),
	(214, 218, 106.87318182),
	(215, 219, 106.86629644),
	(216, 220, 106.86283588),
	(217, 221, 106.86328494),
	(218, 222, 106.86526016),
	(219, 223, 106.86462884),
	(220, 224, 106.86205242),
	(221, 225, 106.86065656),
	(222, 226, 106.85755599),
	(223, 227, 106.85672503),
	(224, 228, 106.85622720),
	(225, 229, 106.85368571),
	(226, 230, 106.85345217),
	(227, 231, 106.85176067),
	(228, 232, 106.84986844),
	(229, 233, 106.84822771),
	(230, 234, 106.84725139),
	(231, 235, 106.84635996),
	(232, 236, 106.84563301),
	(233, 237, 106.84662144),
	(234, 238, 106.84978479),
	(235, 239, 106.85510786),
	(236, 240, 106.85927239),
	(237, 241, 106.86177044),
	(238, 242, 106.86283388),
	(239, 243, 106.86489181),
	(240, 244, 106.86937948),
	(241, 245, 106.87438996),
	(242, 246, 106.87809518),
	(243, 247, 106.88182603),
	(244, 248, 106.88331942),
	(245, 249, 106.88542208),
	(246, 250, 106.88808103),
	(247, 251, 106.89107398),
	(248, 252, 106.89463277),
	(249, 253, 106.89783861),
	(250, 254, 106.90163526),
	(251, 255, 106.90544958),
	(252, 256, 106.90849744),
	(253, 257, 106.91245419),
	(254, 258, 106.91880600),
	(255, 259, 106.92517069),
	(256, 260, 106.93046020),
	(257, 261, 106.93402888),
	(258, 262, 106.93606984),
	(259, 263, 106.93706377),
	(260, 264, 106.93823214),
	(261, 265, 106.94108152),
	(262, 266, 106.94298747),
	(263, 267, 106.94633639),
	(264, 268, 106.95308975),
	(265, 269, 106.97887792),
	(266, 270, 106.96056020),
	(267, 271, 106.96942453),
	(268, 272, 106.97730066),
	(269, 273, 106.98475278),
	(270, 274, 106.99081775),
	(271, 275, 106.99683360),
	(272, 276, 107.00171764),
	(273, 277, 107.00748132),
	(274, 278, 107.01300468),
	(275, 279, 107.01752601),
	(276, 280, 107.02139332),
	(277, 281, 107.02335912),
	(278, 282, 107.02650180),
	(279, 283, 107.02858860),
	(280, 284, 107.03066785),
	(281, 285, 107.03247934),
	(282, 286, 107.03448114),
	(283, 287, 107.03652626),
	(284, 288, 107.03839354);
/*!40000 ALTER TABLE `price_analysis` ENABLE KEYS */;

-- Dumping structure for table ig.temp_analysis
DROP TABLE IF EXISTS `temp_analysis`;
CREATE TABLE IF NOT EXISTS `temp_analysis` (
  `price_id_fk` bigint(20) unsigned NOT NULL,
  `ema_22` decimal(18,8) unsigned DEFAULT NULL,
  PRIMARY KEY (`price_id_fk`) USING BTREE
) ENGINE=InnoDB DEFAULT CHARSET=utf8mb4;

-- Dumping data for table ig.temp_analysis: ~37 rows (approximately)
DELETE FROM `temp_analysis`;
/*!40000 ALTER TABLE `temp_analysis` DISABLE KEYS */;
INSERT INTO `temp_analysis` (`price_id_fk`, `ema_22`) VALUES
	(9, NULL),
	(10, NULL),
	(31, NULL),
	(32, NULL),
	(33, NULL),
	(34, NULL),
	(35, NULL),
	(36, NULL),
	(56, NULL),
	(57, NULL),
	(58, NULL),
	(59, NULL),
	(60, NULL),
	(132, NULL),
	(133, NULL),
	(134, NULL),
	(135, NULL),
	(136, NULL),
	(137, NULL),
	(138, NULL),
	(139, NULL),
	(140, 106.59777273),
	(141, 106.62548814),
	(142, 106.65288048),
	(143, 106.68515174),
	(144, 106.71635594),
	(145, 106.74393368),
	(146, 106.77089597),
	(147, 106.79355719),
	(148, 106.81750874),
	(187, 106.84137754),
	(188, 106.87238819),
	(189, 106.90483270),
	(190, 106.92493420),
	(191, 106.94641818),
	(211, 106.96629486),
	(269, 106.97887792);
/*!40000 ALTER TABLE `temp_analysis` ENABLE KEYS */;

-- Dumping structure for table ig.testing
DROP TABLE IF EXISTS `testing`;
CREATE TABLE IF NOT EXISTS `testing` (
  `testing_Id` int(10) unsigned NOT NULL AUTO_INCREMENT,
  `time` datetime DEFAULT NULL,
  PRIMARY KEY (`testing_Id`)
) ENGINE=InnoDB AUTO_INCREMENT=6 DEFAULT CHARSET=latin1;

-- Dumping data for table ig.testing: ~4 rows (approximately)
DELETE FROM `testing`;
/*!40000 ALTER TABLE `testing` DISABLE KEYS */;
INSERT INTO `testing` (`testing_Id`, `time`) VALUES
	(1, NULL),
	(2, NULL),
	(3, '2020-05-22 05:50:00'),
	(4, '2020-05-21 22:50:00'),
	(5, '2020-06-24 12:50:00');
/*!40000 ALTER TABLE `testing` ENABLE KEYS */;

-- Dumping structure for view ig.vw_minmax_available_price
DROP VIEW IF EXISTS `vw_minmax_available_price`;
-- Creating temporary table to overcome VIEW dependency errors
CREATE TABLE `vw_minmax_available_price` (
	`epic` VARCHAR(50) NULL COLLATE 'utf8mb4_general_ci',
	`resolution` ENUM('SECOND','MINUTE','MINUTE_2','MINUTE_3','MINUTE_5','MINUTE_10','MINUTE_15','MINUTE_30','HOUR','HOUR_2','HOUR_3','HOUR_4','DAY','WEEK','MONTH') NULL COLLATE 'utf8mb4_general_ci',
	`min_snapshotTime` DATETIME NULL,
	`min_snapshotTimeUTC` TIMESTAMP NULL,
	`max_snapshotTime` DATETIME NULL,
	`max_snapshotTimeUTC` TIMESTAMP NULL
) ENGINE=MyISAM;

-- Dumping structure for view ig.vw_missing_analysis
DROP VIEW IF EXISTS `vw_missing_analysis`;
-- Creating temporary table to overcome VIEW dependency errors
CREATE TABLE `vw_missing_analysis` (
	`epic` VARCHAR(50) NULL COLLATE 'utf8mb4_general_ci',
	`resolution` ENUM('SECOND','MINUTE','MINUTE_2','MINUTE_3','MINUTE_5','MINUTE_10','MINUTE_15','MINUTE_30','HOUR','HOUR_2','HOUR_3','HOUR_4','DAY','WEEK','MONTH') NULL COLLATE 'utf8mb4_general_ci',
	`min_snapshotTime` DATETIME NULL,
	`min_snapshotTimeUTC` TIMESTAMP NULL
) ENGINE=MyISAM;

-- Dumping structure for view ig.vw_missing_analysis_details
DROP VIEW IF EXISTS `vw_missing_analysis_details`;
-- Creating temporary table to overcome VIEW dependency errors
CREATE TABLE `vw_missing_analysis_details` (
	`snapshotTime_from` DATETIME NULL,
	`price_id_fk` BIGINT(20) UNSIGNED NOT NULL,
	`epic` VARCHAR(50) NULL COLLATE 'utf8mb4_general_ci',
	`resolution` ENUM('SECOND','MINUTE','MINUTE_2','MINUTE_3','MINUTE_5','MINUTE_10','MINUTE_15','MINUTE_30','HOUR','HOUR_2','HOUR_3','HOUR_4','DAY','WEEK','MONTH') NULL COLLATE 'utf8mb4_general_ci',
	`open` DECIMAL(18,8) UNSIGNED NULL,
	`high` DECIMAL(18,8) UNSIGNED NULL,
	`low` DECIMAL(18,8) UNSIGNED NULL,
	`close` DECIMAL(18,8) UNSIGNED NULL
) ENGINE=MyISAM;

-- Dumping structure for view ig.vw_price_analysis
DROP VIEW IF EXISTS `vw_price_analysis`;
-- Creating temporary table to overcome VIEW dependency errors
CREATE TABLE `vw_price_analysis` (
	`epic` VARCHAR(50) NULL COLLATE 'utf8mb4_general_ci',
	`resolution` ENUM('SECOND','MINUTE','MINUTE_2','MINUTE_3','MINUTE_5','MINUTE_10','MINUTE_15','MINUTE_30','HOUR','HOUR_2','HOUR_3','HOUR_4','DAY','WEEK','MONTH') NULL COLLATE 'utf8mb4_general_ci',
	`snapshotTime` DATETIME NULL,
	`snapshotTimeUTC` TIMESTAMP NULL,
	`openPrice_mid` DECIMAL(18,8) UNSIGNED NULL,
	`closePrice_mid` DECIMAL(18,8) UNSIGNED NULL,
	`highPrice_mid` DECIMAL(18,8) UNSIGNED NULL,
	`lowPrice_mid` DECIMAL(18,8) UNSIGNED NULL,
	`lastTradedVolume` BIGINT(20) UNSIGNED NULL,
	`price_analysis_id` BIGINT(20) UNSIGNED NULL,
	`price_id_fk` BIGINT(20) UNSIGNED NULL,
	`ema_22` DECIMAL(18,8) UNSIGNED NULL
) ENGINE=MyISAM;

-- Dumping structure for view ig.vw_price_count
DROP VIEW IF EXISTS `vw_price_count`;
-- Creating temporary table to overcome VIEW dependency errors
CREATE TABLE `vw_price_count` (
	`epic` VARCHAR(50) NULL COLLATE 'utf8mb4_general_ci',
	`resolution` ENUM('SECOND','MINUTE','MINUTE_2','MINUTE_3','MINUTE_5','MINUTE_10','MINUTE_15','MINUTE_30','HOUR','HOUR_2','HOUR_3','HOUR_4','DAY','WEEK','MONTH') NULL COLLATE 'utf8mb4_general_ci',
	`total` BIGINT(21) NOT NULL
) ENGINE=MyISAM;

-- Dumping structure for trigger ig.trig_price_after_insert
DROP TRIGGER IF EXISTS `trig_price_after_insert`;
SET @OLDTMP_SQL_MODE=@@SQL_MODE, SQL_MODE='STRICT_TRANS_TABLES,ERROR_FOR_DIVISION_BY_ZERO,NO_AUTO_CREATE_USER,NO_ENGINE_SUBSTITUTION';
DELIMITER //
CREATE TRIGGER `trig_price_after_insert` AFTER INSERT ON `price` FOR EACH ROW BEGIN
INSERT INTO price_analysis(price_id_fk)
SELECT NEW.price_id
FROM DUAL
WHERE NOT EXISTS (SELECT 1 FROM price_analysis WHERE price_analysis.price_id_fk = NEW.price_id);
END//
DELIMITER ;
SET SQL_MODE=@OLDTMP_SQL_MODE;

-- Dumping structure for view ig.vw_minmax_available_price
DROP VIEW IF EXISTS `vw_minmax_available_price`;
-- Removing temporary table and create final VIEW structure
DROP TABLE IF EXISTS `vw_minmax_available_price`;
CREATE ALGORITHM=UNDEFINED SQL SECURITY DEFINER VIEW `vw_minmax_available_price` AS select `price`.`epic` AS `epic`,`price`.`resolution` AS `resolution`,min(`price`.`snapshotTime`) AS `min_snapshotTime`,min(`price`.`snapshotTimeUTC`) AS `min_snapshotTimeUTC`,max(`price`.`snapshotTime`) AS `max_snapshotTime`,max(`price`.`snapshotTimeUTC`) AS `max_snapshotTimeUTC` from `price` group by `price`.`epic`,`price`.`resolution` order by `price`.`epic`,max(`price`.`snapshotTimeUTC`) desc;

-- Dumping structure for view ig.vw_missing_analysis
DROP VIEW IF EXISTS `vw_missing_analysis`;
-- Removing temporary table and create final VIEW structure
DROP TABLE IF EXISTS `vw_missing_analysis`;
CREATE ALGORITHM=UNDEFINED SQL SECURITY DEFINER VIEW `vw_missing_analysis` AS select `p`.`epic` AS `epic`,`p`.`resolution` AS `resolution`,min(`p`.`snapshotTime`) AS `min_snapshotTime`,min(`p`.`snapshotTimeUTC`) AS `min_snapshotTimeUTC` from (`price_analysis` `pa` join `price` `p` on(`p`.`price_id` = `pa`.`price_id_fk`)) where 1 = 1 and `pa`.`ema_22` is null group by `p`.`epic`,`p`.`resolution` order by `p`.`epic`,`p`.`resolution`;

-- Dumping structure for view ig.vw_missing_analysis_details
DROP VIEW IF EXISTS `vw_missing_analysis_details`;
-- Removing temporary table and create final VIEW structure
DROP TABLE IF EXISTS `vw_missing_analysis_details`;
CREATE ALGORITHM=UNDEFINED SQL SECURITY DEFINER VIEW `vw_missing_analysis_details` AS select `p`.`snapshotTime` AS `snapshotTime_from`,`p`.`price_id` AS `price_id_fk`,`p`.`epic` AS `epic`,`p`.`resolution` AS `resolution`,`p`.`openPrice_mid` AS `open`,`p`.`highPrice_mid` AS `high`,`p`.`lowPrice_mid` AS `low`,`p`.`closePrice_mid` AS `close` from (`price` `p` left join `vw_missing_analysis` `pa` on(`pa`.`epic` = `p`.`epic` and `pa`.`resolution` = `p`.`resolution` and `p`.`snapshotTime` >= `pa`.`min_snapshotTime` and `p`.`snapshotTimeUTC` >= `pa`.`min_snapshotTimeUTC`)) where 1 = 1 order by `p`.`epic`,`p`.`resolution`,`p`.`snapshotTime`;

-- Dumping structure for view ig.vw_price_analysis
DROP VIEW IF EXISTS `vw_price_analysis`;
-- Removing temporary table and create final VIEW structure
DROP TABLE IF EXISTS `vw_price_analysis`;
CREATE ALGORITHM=UNDEFINED SQL SECURITY DEFINER VIEW `vw_price_analysis` AS select `p`.`epic` AS `epic`,`p`.`resolution` AS `resolution`,`p`.`snapshotTime` AS `snapshotTime`,`p`.`snapshotTimeUTC` AS `snapshotTimeUTC`,`p`.`openPrice_mid` AS `openPrice_mid`,`p`.`closePrice_mid` AS `closePrice_mid`,`p`.`highPrice_mid` AS `highPrice_mid`,`p`.`lowPrice_mid` AS `lowPrice_mid`,`p`.`lastTradedVolume` AS `lastTradedVolume`,`pa`.`price_analysis_id` AS `price_analysis_id`,`pa`.`price_id_fk` AS `price_id_fk`,`pa`.`ema_22` AS `ema_22` from (`price` `p` left join `price_analysis` `pa` on(`pa`.`price_id_fk` = `p`.`price_id`)) order by `p`.`epic`,`p`.`resolution`,`p`.`snapshotTime` desc;

-- Dumping structure for view ig.vw_price_count
DROP VIEW IF EXISTS `vw_price_count`;
-- Removing temporary table and create final VIEW structure
DROP TABLE IF EXISTS `vw_price_count`;
CREATE ALGORITHM=UNDEFINED SQL SECURITY DEFINER VIEW `vw_price_count` AS select `price`.`epic` AS `epic`,`price`.`resolution` AS `resolution`,count(0) AS `total` from `price` group by `price`.`epic`,`price`.`resolution` order by `price`.`epic`,`price`.`resolution`;

/*!40101 SET SQL_MODE=IFNULL(@OLD_SQL_MODE, '') */;
/*!40014 SET FOREIGN_KEY_CHECKS=IF(@OLD_FOREIGN_KEY_CHECKS IS NULL, 1, @OLD_FOREIGN_KEY_CHECKS) */;
/*!40101 SET CHARACTER_SET_CLIENT=@OLD_CHARACTER_SET_CLIENT */;
